id,identifier,name,name_phonetic,species,name_jp,name_jp_romaji,species_jp,generation_id,ndex,kdex,jdex,jdex_old,type1_id,type2_id,ability1_id,abilitydream_id,height,weight,gender_rate,catch_rate,exp_yield,base_happiness,egg_group1_id,egg_group2_id,is_baby,hatch_counter,lvl_100_exp,pokemon_order,legacy_id,evolution_parent_pokemon_id,evolution_method_id,evolution_parameter,ability2_id,hdex,sdex,baby_breed_item_id,udex
1,bulbasaur,Bulbasaur,Bulbasaur,Seed,フシギダネ,Fushigidane,たね,1,1,1,231,226,12,4,65,34,7,69,1,45,64,70,1,7,0,20,1059860,1,1,,,,,,,,
2,ivysaur,Ivysaur,Ivysaur,Seed,フシギソウ,Fushigisou,たね,1,2,2,232,227,12,4,65,34,10,130,1,45,141,70,1,7,0,20,1059860,2,2,1,1,16,,,,,
3,venusaur,Venusaur,Veenasore,Seed,フシギバナ,Fushigibana,たね,1,3,3,233,228,12,4,65,34,20,1000,1,45,208,70,1,7,0,20,1059860,3,3,2,1,32,,,,,
4,charmander,Charmander,Char-mander,Lizard,ヒトカゲ,Hitokage,とかげ,1,4,4,234,229,10,,66,94,6,85,1,45,65,70,1,14,0,20,1059860,4,4,,,,,,,,
5,charmeleon,Charmeleon,Char-meeleon,Flame,リザード,Lizardo,かえん,1,5,5,235,230,10,,66,94,11,190,1,45,142,70,1,14,0,20,1059860,5,5,4,1,16,,,,,
6,charizard,Charizard,Char-izahd,Flame,リザードン,Lizardon,かえん,1,6,6,236,231,10,3,66,94,17,905,1,45,209,70,1,14,0,20,1059860,6,6,5,1,36,,,,,
7,squirtle,Squirtle,Squirtle,Tiny Turtle,ゼニガメ,Zenigame,かめのこ,1,7,7,237,232,11,,67,44,5,90,1,45,66,70,1,2,0,20,1059860,7,7,,,,,,,,
8,wartortle,Wartortle,Wore-torrtle,Turtle,カメール,Kameil,かめ,1,8,8,238,233,11,,67,44,10,225,1,45,143,70,1,2,0,20,1059860,8,8,7,1,16,,,,,
9,blastoise,Blastoise,Blas-toys,Shellfish,カメックス,Kamex,こうら,1,9,9,239,234,11,,67,44,16,855,1,45,210,70,1,2,0,20,1059860,9,9,8,1,36,,,,,
10,caterpie,Caterpie,Caterpie,Worm,キャタピー,Caterpie,いもむし,1,10,10,24,24,7,,19,50,3,29,4,255,53,70,3,,0,15,1000000,10,10,,,,,,,,
11,metapod,Metapod,Metapod,Cocoon,トランセル,Trancell,さなぎ,1,11,11,25,25,7,,61,,7,99,4,120,72,70,3,,0,15,1000000,11,11,10,1,7,,,,,
12,butterfree,Butterfree,Butterfree,Butterfly,バタフリー,Butterfree,ちょうちょ,1,12,12,26,26,7,3,14,110,11,320,4,45,160,70,3,,0,15,1000000,12,12,11,1,10,,,,,
13,weedle,Weedle,Weedle,Hairy Bug,ビードル,Beedle,けむし,1,13,13,27,27,7,4,19,50,3,32,4,255,52,70,3,,0,15,1000000,13,13,,,,,,,,
14,kakuna,Kakuna,Kakoona,Cocoon,コクーン,Cocoon,さなぎ,1,14,14,28,28,7,4,61,,6,100,4,120,71,70,3,,0,15,1000000,14,14,13,1,7,,,,,
15,beedrill,Beedrill,Beedrill,Poison Bee,スピアー,Spear,どくばち,1,15,15,29,29,7,4,68,97,10,295,4,45,159,70,3,,0,15,1000000,15,15,14,1,10,,,,,
16,pidgey,Pidgey,Pidgey,Tiny Bird,ポッポ,Poppo,ことり,1,16,16,10,10,1,3,51,145,3,18,4,255,55,70,4,,0,15,1059860,16,16,,,,77,,,,
17,pidgeotto,Pidgeotto,Pidgey-ohtoe,Bird,ピジョン,Pigeon,とり,1,17,17,11,11,1,3,51,145,11,300,4,120,113,70,4,,0,15,1059860,17,17,16,1,18,77,,,,
18,pidgeot,Pidgeot,Pidgey-ot,Bird,ピジョット,Pigeot,とり,1,18,18,12,12,1,3,51,145,15,395,4,45,172,70,4,,0,15,1059860,18,18,17,1,36,77,,,,
19,rattata,Rattata,Rattata,Mouse,コラッタ,Koratta,ねずみ,1,19,19,17,17,1,,50,55,3,35,4,255,57,70,5,,0,15,1000000,19,19,,,,62,,,,
20,raticate,Raticate,Raticate,Mouse,ラッタ,Ratta,ねずみ,1,20,20,18,18,1,,50,55,7,185,4,127,116,70,5,,0,15,1000000,20,20,19,1,20,62,,,,
21,spearow,Spearow,Spearow,Tiny Bird,オニスズメ,Onisuzume,ことり,1,21,21,13,13,1,3,51,97,3,20,4,255,58,70,4,,0,15,1000000,21,21,,,,,,,,
22,fearow,Fearow,Fearow,Beak,オニドリル,Onidrill,くちばし,1,22,22,14,14,1,3,51,97,12,380,4,90,162,70,4,,0,15,1000000,22,22,21,1,20,,,,,
23,ekans,Ekans,Ekans,Snake,アーボ,Arbo,へび,1,23,23,50,50,4,,22,127,20,69,4,255,62,70,5,14,0,20,1000000,23,23,,,,61,,,,
24,arbok,Arbok,Arbok,Cobra,アーボック,Arbok,コブラ,1,24,24,51,51,4,,22,127,35,650,4,90,147,70,5,14,0,20,1000000,24,24,23,1,22,61,,,,
25,pikachu,Pikachu,Peekachoo,Mouse,ピカチュウ,Pikachu,ねずみ,1,25,25,22,22,13,,9,31,4,60,4,190,82,70,5,6,0,10,1000000,26,25,172,13,,,156,104,,
26,raichu,Raichu,Ryechu,Mouse,ライチュウ,Raichu,ねずみ,1,26,26,23,23,13,,9,31,8,300,4,75,122,70,5,6,0,10,1000000,27,26,25,7,44,,157,105,,
27,sandshrew,Sandshrew,Sandshrew,Mouse,サンド,Sand,ねずみ,1,27,27,48,48,5,,8,146,6,120,4,255,93,70,5,,0,20,1000000,28,27,,,,,112,,,
28,sandslash,Sandslash,Sandslash,Mouse,サンドパン,Sandpan,ねずみ,1,28,28,49,49,5,,8,146,10,295,4,90,163,70,5,,0,20,1000000,29,28,27,1,22,,113,,,
29,nidoran-f,Nidoran♀,Nidoran♀,Poison Pin,ニドラン♀,Nidoran♀,どくばり,1,29,29,95,95,4,,38,55,4,70,8,235,59,70,1,5,0,20,1059860,30,29,,,,79,,,,
30,nidorina,Nidorina,Nidorina,Poison Pin,ニドリーナ,Nidorina,どくばり,1,30,30,96,96,4,,38,55,8,200,8,120,117,70,15,,0,20,1059860,31,30,29,1,16,79,,,,
31,nidoqueen,Nidoqueen,Nidoqueen,Drill,ニドクイン,Nidoqueen,ドリル,1,31,31,97,97,4,5,38,125,13,600,8,45,194,70,15,,0,20,1059860,32,31,30,7,46,79,,,,
32,nidoran-m,Nidoran♂,Nidoran♂,Poison Pin,ニドラン♂,Nidoran♂,どくばり,1,32,32,98,98,4,,38,55,5,90,0,235,60,70,1,5,0,20,1059860,33,32,,,,79,,,,
33,nidorino,Nidorino,Nidorino,Poison Pin,ニドリーノ,Nidorino,どくばり,1,33,33,99,99,4,,38,55,9,195,0,120,118,70,1,5,0,20,1059860,34,33,32,1,16,79,,,,
34,nidoking,Nidoking,Nidoking,Drill,ニドキング,Nidoking,ドリル,1,34,34,100,100,4,5,38,125,14,620,0,45,195,70,1,5,0,20,1059860,35,34,33,7,46,79,,,,
35,clefairy,Clefairy,Clefairy,Fairy,ピッピ,Pippi,ようせい,1,35,35,41,41,1,,56,132,6,75,6,150,68,140,6,,0,10,800000,37,35,173,13,,98,,100,,
36,clefable,Clefable,Clefable,Fairy,ピクシー,Pixy,ようせい,1,36,36,42,42,1,,56,109,13,400,6,25,129,140,6,,0,10,800000,38,36,35,7,46,98,,101,,
37,vulpix,Vulpix,Vulpix,Fox,ロコン,Rokon,きつね,1,37,37,127,125,10,,18,70,6,99,6,190,63,70,5,,0,20,1000000,39,37,,,,,153,,,
38,ninetales,Ninetales,Ninetales,Fox,キュウコン,Kyukon,きつね,1,38,38,128,126,10,,18,70,11,199,6,75,178,70,5,,0,20,1000000,40,38,37,7,42,,154,,,
39,jigglypuff,Jigglypuff,Jigglypuff,Balloon,プリン,Purin,ふうせん,1,39,39,44,44,1,,56,132,5,55,6,170,76,70,6,,0,10,800000,42,39,174,13,,,138,,,
40,wigglytuff,Wigglytuff,Wigglytuff,Balloon,プクリン,Pukurin,ふうせん,1,40,40,45,45,1,,56,119,10,120,6,50,109,70,6,,0,10,800000,43,40,39,7,46,,139,,,
41,zubat,Zubat,Zubat,Bat,ズバット,Zubat,こうもり,1,41,41,37,37,4,3,39,151,8,75,4,255,54,70,4,,0,15,1000000,44,41,,,,,63,28,,
42,golbat,Golbat,Golbat,Bat,ゴルバット,Golbat,こうもり,1,42,42,38,38,4,3,39,151,16,550,4,90,171,70,4,,0,15,1000000,45,42,41,1,22,,64,29,,
43,oddish,Oddish,Oddish,Weed,ナゾノクサ,Nazonokusa,ざっそう,1,43,43,83,83,12,4,34,50,5,54,4,255,78,70,7,,0,20,1059860,47,43,,,,,88,,,
44,gloom,Gloom,Gloom,Weed,クサイハナ,Kusaihana,ざっそう,1,44,44,84,84,12,4,34,1,8,86,4,120,132,70,7,,0,20,1059860,48,44,43,1,21,,89,,,
45,vileplume,Vileplume,Vileplume,Flower,ラフレシア,Rafflesia,フラワー,1,45,45,85,85,12,4,34,27,12,186,4,45,184,70,7,,0,20,1059860,49,45,44,7,45,,90,,,
46,paras,Paras,Paras,Mushroom,パラス,Paras,きのこ,1,46,46,70,70,7,12,27,6,3,54,4,190,70,70,3,7,0,20,1000000,51,46,,,,87,,,,
47,parasect,Parasect,Parasect,Mushroom,パラセクト,Parasect,きのこ,1,47,47,71,71,7,12,27,6,10,295,4,75,128,70,3,7,0,20,1000000,52,47,46,1,24,87,,,,
48,venonat,Venonat,Venonat,Insect,コンパン,Kongpang,こんちゅう,1,48,48,109,108,7,4,14,50,10,300,4,190,75,70,3,,0,20,1000000,53,48,,,,110,,,,
49,venomoth,Venomoth,Venomoth,Poison Moth,モルフォン,Morphon,どくが,1,49,49,110,109,7,4,19,147,15,125,4,75,138,70,3,,0,20,1000000,54,49,48,1,31,110,,,,
50,diglett,Diglett,Diglett,Mole,ディグダ,Digda,もぐら,1,50,50,134,132,5,,8,159,2,8,4,255,81,70,5,,0,20,1000000,55,50,,,,71,,,,
51,dugtrio,Dugtrio,Dugtrio,Mole,ダグトリオ,Dugtrio,もぐら,1,51,51,135,133,5,,8,159,7,333,4,50,153,70,5,,0,20,1000000,56,51,50,1,26,71,,,,
52,meowth,Meowth,Meowth,Scratch Cat,ニャース,Nyarth,ばけねこ,1,52,52,138,136,1,,53,127,4,42,4,255,69,70,5,,0,20,1000000,57,52,,,,101,,,,
53,persian,Persian,Persian,Classy Cat,ペルシアン,Persian,シャムネコ,1,53,53,139,137,1,,7,127,10,320,4,90,148,70,5,,0,20,1000000,58,53,52,1,28,101,,,,
54,psyduck,Psyduck,Psyduck,Duck,コダック,Koduck,あひる,1,54,54,140,138,11,,6,33,8,196,4,190,80,70,2,5,0,20,1000000,59,54,,,,13,158,43,,
55,golduck,Golduck,Golduck,Duck,ゴルダック,Golduck,あひる,1,55,55,141,139,11,,6,33,17,766,4,75,174,70,2,5,0,20,1000000,60,55,54,1,33,13,159,44,,
56,mankey,Mankey,Mankey,Pig Monkey,マンキー,Mankey,ぶたざる,1,56,56,136,134,2,,72,128,5,280,4,190,74,70,5,,0,20,1000000,61,56,,,,83,,,,
57,primeape,Primeape,Primeape,Pig Monkey,オコリザル,Okorizaru,ぶたざる,1,57,57,137,135,2,,72,128,10,320,4,75,149,70,5,,0,20,1000000,62,57,56,1,28,83,,,,
58,growlithe,Growlithe,Growlithe,Puppy,ガーディ,Gardie,こいぬ,1,58,58,129,127,10,,22,154,7,190,2,190,91,70,5,,0,20,1250000,63,58,,,,18,,,,
59,arcanine,Arcanine,Arcanine,Legendary,ウインディ,Windie,でんせつ,1,59,59,130,128,10,,22,154,19,1550,2,75,213,70,5,,0,20,1250000,64,59,58,7,42,18,,,,
60,poliwag,Poliwag,Poliwag,Tadpole,ニョロモ,Nyoromo,おたま,1,60,60,72,72,11,,11,33,6,124,4,255,77,70,2,,0,20,1059860,65,60,,,,6,,,,
61,poliwhirl,Poliwhirl,Poliwhirl,Tadpole,ニョロゾ,Nyorozo,おたま,1,61,61,73,73,11,,11,33,10,200,4,120,131,70,2,,0,20,1059860,66,61,60,1,25,6,,,,
62,poliwrath,Poliwrath,Poliwrath,Tadpole,ニョロボン,Nyorobon,おたま,1,62,62,74,74,11,2,11,33,13,540,4,45,185,70,2,,0,20,1059860,67,62,61,7,43,6,,,,
63,abra,Abra,Abra,Psi,ケーシィ,Casey,ねんりき,1,63,63,89,89,14,,28,98,9,195,2,200,75,70,8,,0,20,1059860,69,63,,,,39,39,20,,
64,kadabra,Kadabra,Kadabra,Psi,ユンゲラー,Yungerer,ねんりき,1,64,64,90,90,14,,28,98,13,565,2,100,145,70,8,,0,20,1059860,70,64,63,1,16,39,40,21,,
65,alakazam,Alakazam,Alakazam,Psi,フーディン,Foodin,ねんりき,1,65,65,91,91,14,,28,98,15,480,2,50,186,70,8,,0,20,1059860,71,65,64,5,,39,41,22,,
66,machop,Machop,Machop,Superpower,ワンリキー,Wanriky,かいりき,1,66,66,142,140,2,,62,80,8,195,2,180,75,70,8,,0,20,1059860,72,66,,,,99,73,40,,
67,machoke,Machoke,Machoke,Superpower,ゴーリキー,Goriky,かいりき,1,67,67,143,141,2,,62,80,15,705,2,90,146,70,8,,0,20,1059860,73,67,66,1,28,99,74,41,,
68,machamp,Machamp,Machamp,Superpower,カイリキー,Kairiky,かいりき,1,68,68,144,142,2,,62,80,16,1300,2,45,193,70,8,,0,20,1059860,74,68,67,5,,99,75,42,,
69,bellsprout,Bellsprout,Bellsprout,Flower,マダツボミ,Madatsubomi,フラワー,1,69,69,64,64,12,4,34,82,7,40,4,255,84,70,7,,0,20,1059860,75,69,,,,,,,,
70,weepinbell,Weepinbell,Weepinbell,Flycatcher,ウツドン,Utsudon,ハエとり,1,70,70,65,65,12,4,34,82,10,64,4,120,151,70,7,,0,20,1059860,76,70,69,1,21,,,,,
71,victreebel,Victreebel,Victreebel,Flycatcher,ウツボット,Utsubot,ハエとり,1,71,71,66,66,12,4,34,82,17,155,4,45,191,70,7,,0,20,1059860,77,71,70,7,45,,,,,
72,tentacool,Tentacool,Tentacool,Jellyfish,メノクラゲ,Menokurage,くらげ,1,72,72,164,162,11,4,29,44,9,455,4,190,105,70,9,,0,20,1250000,78,72,,,,64,66,136,,
73,tentacruel,Tentacruel,Tentacruel,Jellyfish,ドククラゲ,Dokukurage,くらげ,1,73,73,165,163,11,4,29,44,16,550,4,60,205,70,9,,0,20,1250000,79,73,72,1,30,64,67,137,,
74,geodude,Geodude,Geodude,Rock,イシツブテ,Isitsubute,がんせき,1,74,74,34,34,6,5,69,8,4,200,4,255,73,70,10,,0,15,1059860,80,74,,,,5,57,31,,
75,graveler,Graveler,Graveler,Rock,ゴローン,Golone,がんせき,1,75,75,35,35,6,5,69,8,10,1050,4,120,134,70,10,,0,15,1059860,81,75,74,1,25,5,58,32,,
76,golem,Golem,Golem,Megaton,ゴローニャ,Golonya,メガトン,1,76,76,36,36,6,5,69,8,14,3000,4,45,177,70,10,,0,15,1059860,82,76,75,5,,5,59,33,,
77,ponyta,Ponyta,Ponyta,Fire Horse,ポニータ,Ponyta,ひのうま,1,77,77,206,201,10,,50,49,10,300,4,190,152,70,5,,0,20,1000000,83,77,,,,18,,90,,
78,rapidash,Rapidash,Rapidash,Fire Horse,ギャロップ,Gallop,ひのうま,1,78,78,207,202,10,,50,49,17,950,4,60,192,70,5,,0,20,1000000,84,78,77,1,40,18,,91,,
79,slowpoke,Slowpoke,Slowpoke,Dopey,ヤドン,Yadon,まぬけ,1,79,79,80,80,11,14,12,144,12,360,4,190,99,70,1,2,0,20,1000000,85,79,,,,20,,,,
80,slowbro,Slowbro,Slowbro,Hermit Crab,ヤドラン,Yadoran,やどかり,1,80,80,81,81,11,14,12,144,16,785,4,75,164,70,1,2,0,20,1000000,86,80,79,1,37,20,,,,
81,magnemite,Magnemite,Magnemite,Magnet,コイル,Coil,じしゃく,1,81,81,119,118,13,9,42,148,3,60,-1,190,89,70,10,,0,20,1000000,88,81,,,,5,82,178,,
82,magneton,Magneton,Magneton,Magnet,レアコイル,Rarecoil,じしゃく,1,82,82,120,119,13,9,42,148,10,600,-1,60,161,70,10,,0,20,1000000,89,82,81,1,30,5,83,179,,
83,farfetchd,Farfetch'd,Farfetch'd,Wild Duck,カモネギ,Kamonegi,かるがも,1,83,83,160,158,1,3,51,128,8,150,4,45,94,70,4,5,0,20,1000000,91,83,,,,39,,,,
84,doduo,Doduo,Doduo,Twin Bird,ドードー,Dodo,ふたごどり,1,84,84,204,199,1,3,50,77,14,392,4,190,96,70,4,,0,20,1000000,92,84,,,,48,92,,,
85,dodrio,Dodrio,Dodrio,Triple Bird,ドードリオ,Dodorio,みつごどり,1,85,85,205,200,1,3,50,77,18,852,4,45,158,70,4,,0,20,1000000,93,85,84,1,31,48,93,,,
86,seel,Seel,Seel,Sea Lion,パウワウ,Pawou,あしか,1,86,86,178,176,11,,47,115,11,900,4,190,100,70,2,5,0,20,1000000,94,86,,,,93,,,,
87,dewgong,Dewgong,Dewgong,Sea Lion,ジュゴン,Jugon,あしか,1,87,87,179,177,11,15,47,115,17,1200,4,75,176,70,2,5,0,20,1000000,95,87,86,1,34,93,,,,
88,grimer,Grimer,Grimer,Sludge,ベトベター,Betbeter,ヘドロ,1,88,88,117,116,4,,1,143,9,300,4,190,90,70,11,,0,20,1000000,96,88,,,,60,106,,,
89,muk,Muk,Muk,Sludge,ベトベトン,Betbeton,ヘドロ,1,89,89,118,117,4,,1,143,12,300,4,75,157,70,11,,0,20,1000000,97,89,88,1,38,60,107,,,
90,shellder,Shellder,Shellder,Bivalve,シェルダー,Shellder,2まいがい,1,90,90,171,169,11,,75,142,3,40,4,190,97,70,9,,0,20,1250000,98,90,,,,92,,,,
91,cloyster,Cloyster,Cloyster,Bivalve,パルシェン,Parshen,2まいがい,1,91,91,172,170,11,15,75,142,15,1325,4,60,203,70,9,,0,20,1250000,99,91,90,7,43,92,,,,
92,gastly,Gastly,Gastly,Gas,ゴース,Ghos,ガスじょう,1,92,92,58,58,8,4,26,,13,1,4,190,95,70,11,,0,20,1059860,100,92,,,,,,69,,
93,haunter,Haunter,Haunter,Gas,ゴースト,Ghost,ガスじょう,1,93,93,59,59,8,4,26,,16,1,4,90,126,70,11,,0,20,1059860,101,93,92,1,25,,,70,,
94,gengar,Gengar,Gengar,Shadow,ゲンガー,Gangar,シャドー,1,94,94,60,60,8,4,26,,15,405,4,45,190,70,11,,0,20,1059860,102,94,93,5,,,,71,,
95,onix,Onix,Onix,Rock Snake,イワーク,Iwark,いわへび,1,95,95,62,62,6,5,69,133,88,2100,4,45,108,70,10,,0,25,1000000,103,95,,,,5,,34,,
96,drowzee,Drowzee,Drowzee,Hypnosis,スリープ,Sleep,さいみん,1,96,96,87,87,14,,15,39,10,324,4,190,102,70,8,,0,20,1000000,105,96,,,,108,,,,
97,hypno,Hypno,Hypno,Hypnosis,スリーパー,Sleeper,さいみん,1,97,97,88,88,14,,15,39,16,756,4,75,165,70,8,,0,20,1000000,106,97,96,1,26,108,,,,
98,krabby,Krabby,Krabby,River Crab,クラブ,Crab,さわがに,1,98,98,166,164,11,,52,125,4,65,4,225,115,70,9,,0,20,1000000,107,98,,,,75,,,,
99,kingler,Kingler,Kingler,Pincer,キングラー,Kingler,はさみ,1,99,99,167,165,11,,52,125,13,600,4,60,206,70,9,,0,20,1000000,108,99,98,1,28,75,,,,
100,voltorb,Voltorb,Voltorb,Ball,ビリリダマ,Biriridama,ボール,1,100,100,121,120,13,,43,106,5,104,-1,190,103,70,10,,0,20,1000000,109,100,,,,9,84,,,
101,electrode,Electrode,Electrode,Ball,マルマイン,Marumine,ボール,1,101,101,122,121,13,,43,106,12,666,-1,60,150,70,10,,0,20,1000000,110,101,100,1,30,9,85,,,
102,exeggcute,Exeggcute,Exeggcute,Egg,タマタマ,Tamatama,たまご,1,102,102,105,104,12,14,34,139,4,25,4,90,98,70,7,,0,20,1250000,111,102,,,,,,,,
103,exeggutor,Exeggutor,Exeggutor,Coconut,ナッシー,Nassy,やしのみ,1,103,103,106,105,12,14,34,139,20,1200,4,45,212,70,7,,0,20,1250000,112,103,102,7,45,,,,,
104,cubone,Cubone,Cubone,Lonely,カラカラ,Karakara,こどく,1,104,104,208,203,5,,69,4,4,65,4,190,87,70,1,,0,20,1000000,113,104,,,,31,,,,
105,marowak,Marowak,Marowak,Bone Keeper,ガラガラ,Garagara,ほねずき,1,105,105,209,204,5,,69,4,10,450,4,75,124,70,1,,0,20,1000000,114,105,104,1,28,31,,,,
106,hitmonlee,Hitmonlee,Hitmonlee,Kicking,サワムラー,Sawamular,キック,1,106,106,146,144,2,,7,84,15,498,0,45,139,70,8,,0,25,1000000,116,106,236,18,20,120,,,,
107,hitmonchan,Hitmonchan,Hitmonchan,Punching,エビワラー,Ebiwalar,パンチ,1,107,107,147,145,2,,51,39,14,502,0,45,140,70,8,,0,25,1000000,117,107,236,19,20,89,,,,
108,lickitung,Lickitung,Lickitung,Licking,ベロリンガ,Beroringa,なめまわし,1,108,108,180,178,1,,20,13,12,655,4,45,127,70,1,,0,20,1000000,119,108,,,,12,,161,,
109,koffing,Koffing,Koffing,Poison Gas,ドガース,Dogars,どくガス,1,109,109,115,114,4,,26,,6,10,4,190,114,70,11,,0,20,1000000,121,109,,,,,108,,,
110,weezing,Weezing,Weezing,Poison Gas,マタドガス,Matadogas,どくガス,1,110,110,116,115,4,,26,,12,95,4,60,173,70,11,,0,20,1000000,122,110,109,1,35,,109,,,
111,rhyhorn,Rhyhorn,Rhyhorn,Spikes,サイホーン,Sihorn,とげとげ,1,111,111,211,206,5,6,31,120,10,1150,4,120,135,70,1,5,0,20,1250000,123,111,,,,69,169,186,,
112,rhydon,Rhydon,Rhydon,Drill,サイドン,Sidon,ドリル,1,112,112,212,207,5,6,31,120,19,1200,4,60,204,70,1,5,0,20,1250000,124,112,111,1,42,69,170,187,,
113,chansey,Chansey,Chansey,Egg,ラッキー,Lucky,たまご,1,113,113,222,217,1,,30,131,11,346,8,30,255,140,6,,0,40,800000,127,113,440,10,170,32,,97,,
114,tangela,Tangela,Tangela,Vine,モンジャラ,Monjara,ツルじょう,1,114,114,182,179,12,,34,144,10,350,4,45,166,70,7,,0,20,1000000,129,114,,,,102,,181,,
115,kangaskhan,Kangaskhan,Kangaskhan,Parent,ガルーラ,Garura,おやこ,1,115,115,210,205,1,,48,39,22,800,8,45,175,70,1,,0,20,1000000,131,115,,,,113,,,,
116,horsea,Horsea,Horsea,Dragon,タッツー,Tattu,ドラゴン,1,116,116,190,186,11,,33,6,4,80,4,225,83,70,2,14,0,20,1000000,132,116,,,,97,184,,,
117,seadra,Seadra,Seadra,Dragon,シードラ,Seadra,ドラゴン,1,117,117,191,187,11,,38,6,12,250,4,75,155,70,2,14,0,20,1000000,133,117,116,1,32,97,185,,,
118,goldeen,Goldeen,Goldeen,Goldfish,トサキント,Tosakinto,きんぎょ,1,118,118,78,78,11,,33,31,6,150,4,225,111,70,12,,0,20,1000000,135,118,,,,41,50,78,,
119,seaking,Seaking,Seaking,Goldfish,アズマオウ,Azumao,きんぎょ,1,119,119,79,79,11,,33,31,13,390,4,60,170,70,12,,0,20,1000000,136,119,118,1,33,41,51,79,,
120,staryu,Staryu,Staryu,Star Shape,ヒトデマン,Hitodeman,ほしがた,1,120,120,169,167,11,,35,148,8,345,-1,225,106,70,9,,0,20,1250000,137,120,,,,30,143,,,
121,starmie,Starmie,Starmie,Mysterious,スターミー,Starmie,なぞの,1,121,121,170,168,11,14,35,148,11,800,-1,60,207,70,9,,0,20,1250000,138,121,120,7,43,30,144,,,
122,mr-mime,Mr. Mime,Mr. Mime,Barrier,バリヤード,Barrierd,バリアー,1,122,122,158,156,14,,43,101,13,545,4,45,136,70,8,,0,25,1000000,140,122,439,12,102,111,,95,,
123,scyther,Scyther,Scyther,Mantis,ストライク,Strike,かまきり,1,123,123,111,110,7,3,68,80,15,560,4,45,187,70,3,,0,25,1000000,141,123,,,,101,,195,,
124,jynx,Jynx,Jynx,Human Shape,ルージュラ,Rougela,ひとがた,1,124,124,155,153,15,14,12,87,14,406,8,45,137,70,8,,0,25,1000000,144,124,238,1,30,108,,,,
125,electabuzz,Electabuzz,Electabuzz,Electric,エレブー,Eleboo,でんげき,1,125,125,157,155,13,,9,72,11,300,2,45,156,70,8,,0,25,1000000,146,125,239,1,30,,,198,,
126,magmar,Magmar,Magmar,Spitfire,ブーバー,Boober,ひふき,1,126,126,153,151,10,,49,72,13,445,2,45,167,70,8,,0,25,1000000,149,126,240,1,30,,,201,,
127,pinsir,Pinsir,Pinsir,Stag Beetle,カイロス,Kailios,くわがた,1,127,127,113,112,7,,52,153,15,550,4,45,200,70,3,,0,25,1250000,151,127,,,,104,167,,,
128,tauros,Tauros,Tauros,Wild Bull,ケンタロス,Kentauros,あばれうし,1,128,128,150,148,1,,22,125,14,884,0,45,211,70,5,,0,20,1250000,152,128,,,,83,,,,
129,magikarp,Magikarp,Magikarp,Fish,コイキング,Koiking,さかな,1,129,129,76,76,11,,33,155,9,100,4,255,20,70,12,14,0,5,1250000,153,129,,,,,52,23,,
130,gyarados,Gyarados,Gyarados,Atrocious,ギャラドス,Gyarados,きょうあく,1,130,130,77,77,11,3,22,153,65,2350,4,45,214,70,12,14,0,5,1250000,154,130,129,1,20,,53,24,,
131,lapras,Lapras,Lapras,Transport,ラプラス,Laplace,のりもの,1,131,131,224,219,11,15,11,93,25,2200,4,45,219,70,1,2,0,40,1250000,155,131,,,,75,,,,
132,ditto,Ditto,Ditto,Transform,メタモン,Metamon,へんしん,1,132,132,92,92,1,,7,150,3,40,-1,35,61,70,13,,0,20,1000000,156,132,,,,,,,,
133,eevee,Eevee,Eevee,Evolution,イーブイ,Eievui,しんか,1,133,133,184,180,1,,50,107,3,65,1,45,92,70,5,,0,35,1000000,157,133,,,,91,,163,,
134,vaporeon,Vaporeon,Vaporeon,Bubble Jet,シャワーズ,Showers,あわはき,1,134,134,185,181,11,,11,93,10,290,1,45,196,70,5,,0,35,1000000,158,134,133,7,43,,,164,,
135,jolteon,Jolteon,Jolteon,Lightning,サンダース,Thunders,かみなり,1,135,135,186,182,13,,10,95,8,245,1,45,197,70,5,,0,35,1000000,159,135,133,7,44,,,165,,
136,flareon,Flareon,Flareon,Flame,ブースター,Booster,ほのお,1,136,136,187,183,10,,18,62,9,250,1,45,198,70,5,,0,35,1000000,160,136,133,7,42,,,166,,
137,porygon,Porygon,Porygon,Virtual,ポリゴン,Porygon,シージー→バーチャル,1,137,137,220,215,1,,36,148,8,365,-1,45,130,70,10,,0,20,1000000,165,137,,,,88,,192,,
138,omanyte,Omanyte,Omanyte,Spiral,オムナイト,Omnite,うずまき,1,138,138,225,220,6,11,33,133,4,75,1,45,99,70,2,9,0,30,1000000,168,138,,,,75,,,,
139,omastar,Omastar,Omastar,Spiral,オムスター,Omstar,うずまき,1,139,139,226,221,6,11,33,133,10,350,1,45,199,70,2,9,0,30,1000000,169,139,138,1,40,75,,,,
140,kabuto,Kabuto,Kabuto,Shellfish,カブト,Kabuto,こうら,1,140,140,227,222,6,11,33,133,5,115,1,45,99,70,2,9,0,30,1000000,170,140,,,,4,,,,
141,kabutops,Kabutops,Kabutops,Shellfish,カブトプス,Kabutops,こうら,1,141,141,228,223,6,11,33,133,13,405,1,45,199,70,2,9,0,30,1000000,171,141,140,1,40,4,,,,
142,aerodactyl,Aerodactyl,Aerodactyl,Fossil,プテラ,Ptera,かせき,1,142,142,229,224,6,3,69,127,18,590,1,45,202,70,4,,0,35,1250000,172,142,,,,46,,,,
143,snorlax,Snorlax,Snorlax,Sleeping,カビゴン,Kabigon,いねむり,1,143,143,230,225,1,,17,82,21,4600,1,25,154,70,1,,0,40,1250000,174,143,446,13,,47,,113,,
144,articuno,Articuno,Articuno,Freeze,フリーザー,Freezer,れいとう,1,144,144,240,235,15,3,46,81,17,554,-1,3,215,35,15,,0,80,1250000,175,144,,,,,,,,
145,zapdos,Zapdos,Zapdos,Electric,サンダー,Thunder,でんげき,1,145,145,241,236,13,3,46,31,16,526,-1,3,216,35,15,,0,80,1250000,176,145,,,,,,,,
146,moltres,Moltres,Moltres,Flame,ファイヤー,Fire,かえん,1,146,146,242,237,10,3,46,49,20,600,-1,3,217,35,15,,0,80,1250000,177,146,,,,,,,,
147,dratini,Dratini,Dratini,Dragon,ミニリュウ,Miniryu,ドラゴン,1,147,147,246,241,16,,61,63,18,33,4,45,67,35,2,14,0,40,1250000,178,147,,,,,,,,
148,dragonair,Dragonair,Dragonair,Dragon,ハクリュー,Hakuryu,ドラゴン,1,148,148,247,242,16,,61,63,40,165,4,45,144,35,2,14,0,40,1250000,179,148,147,1,30,,,,,
149,dragonite,Dragonite,Dragonite,Dragon,カイリュー,Kairyu,ドラゴン,1,149,149,248,243,16,3,39,136,22,2100,4,45,218,35,2,14,0,40,1250000,180,149,148,1,55,,,,,
150,mewtwo,Mewtwo,Mewtwo,Genetic,ミュウツー,Mewtwo,いでんし,1,150,150,254,249,14,,46,127,20,1220,-1,3,220,0,15,,0,120,1250000,181,150,,,,,,,,
151,mew,Mew,Mew,New Species,ミュウ,Mew,しんしゅ,1,151,151,255,250,14,,28,,4,40,-1,45,64,100,15,,0,120,1059860,182,151,,,,,,,,
152,chikorita,Chikorita,Chikorita,Leaf,チコリータ,Chicorita,はっぱ,2,152,,1,1,12,,65,102,9,64,1,45,64,70,1,7,0,20,1059860,183,152,,,,,,,,
153,bayleef,Bayleef,Bayleef,Leaf,ベイリーフ,Bayleaf,はっぱ,2,153,,2,2,12,,65,102,12,158,1,45,141,70,1,7,0,20,1059860,184,153,152,1,16,,,,,
154,meganium,Meganium,Meganium,Herb,メガニウム,Meganium,ハーブ,2,154,,3,3,12,,65,102,18,1005,1,45,208,70,1,7,0,20,1059860,185,154,153,1,32,,,,,
155,cyndaquil,Cyndaquil,Cyndaquil,Fire Mouse,ヒノアラシ,Hinoarashi,ひねずみ,2,155,,4,4,10,,66,18,5,79,1,45,65,70,5,,0,20,1059860,186,155,,,,,,,,
156,quilava,Quilava,Quilava,Volcano,マグマラシ,Magmarashi,かざん,2,156,,5,5,10,,66,18,9,190,1,45,142,70,5,,0,20,1059860,187,156,155,1,14,,,,,
157,typhlosion,Typhlosion,Typhlosion,Volcano,バクフーン,Bakphoon,かざん,2,157,,6,6,10,,66,18,17,795,1,45,209,70,5,,0,20,1059860,188,157,156,1,36,,,,,
158,totodile,Totodile,Totodile,Big Jaw,ワニノコ,Waninoko,おおあご,2,158,,7,7,11,,67,125,6,95,1,45,66,70,1,2,0,20,1059860,189,158,,,,,,,,
159,croconaw,Croconaw,Croconaw,Big Jaw,アリゲイツ,Alligates,おおあご,2,159,,8,8,11,,67,125,11,250,1,45,143,70,1,2,0,20,1059860,190,159,158,1,18,,,,,
160,feraligatr,Feraligatr,Feraligatr,Big Jaw,オーダイル,Ordile,おおあご,2,160,,9,9,11,,67,125,23,888,1,45,210,70,1,2,0,20,1059860,191,160,159,1,30,,,,,
161,sentret,Sentret,Sentret,Scout,オタチ,Otachi,みはり,2,161,,19,19,1,,50,119,8,60,4,255,57,70,5,,0,15,1000000,192,161,,,,51,,,,
162,furret,Furret,Furret,Long Body,オオタチ,Ootachi,どうなが,2,162,,20,20,1,,50,119,18,325,4,90,116,70,5,,0,15,1000000,193,162,161,1,15,51,,,,
163,hoothoot,Hoothoot,Hoothoot,Owl,ホーホー,Hoho,ふくろう,2,163,,15,15,1,3,15,110,7,212,4,255,58,70,4,,0,15,1000000,194,163,,,,51,,106,,
164,noctowl,Noctowl,Noctowl,Owl,ヨルノズク,Yorunozuku,ふくろう,2,164,,16,16,1,3,15,110,16,408,4,90,162,70,4,,0,15,1000000,195,164,163,1,20,51,,107,,
165,ledyba,Ledyba,Ledyba,Five Star,レディバ,Rediba,いつつぼし,2,165,,30,30,7,3,68,155,10,108,4,255,54,70,3,,0,15,800000,196,165,,,,48,,,,
166,ledian,Ledian,Ledian,Five Star,レディアン,Redian,いつつぼし,2,166,,31,31,7,3,68,89,14,356,4,90,134,70,3,,0,15,800000,197,166,165,1,18,48,,,,
167,spinarak,Spinarak,Spinarak,String Spit,イトマル,Itomaru,いとはき,2,167,,32,32,7,4,68,97,5,85,4,255,54,70,3,,0,15,800000,198,167,,,,15,,,,
168,ariados,Ariados,Ariados,Long Leg,アリアドス,Ariados,あしなが,2,168,,33,33,7,4,68,97,11,335,4,90,134,70,3,,0,15,800000,199,168,167,1,22,15,,,,
169,crobat,Crobat,Crobat,Bat,クロバット,Crobat,こうもり,2,169,,39,39,4,3,39,151,18,750,4,90,204,70,4,,0,15,1000000,46,169,42,13,,,65,30,,
170,chinchou,Chinchou,Chinchou,Angler,チョンチー,Chonchie,あんこう,2,170,,176,174,11,13,10,11,5,120,4,190,90,70,12,,0,20,1250000,200,170,,,,35,181,,,
171,lanturn,Lanturn,Lanturn,Light,ランターン,Lantern,ライト,2,171,,177,175,11,13,10,11,12,225,4,75,156,70,12,,0,20,1250000,201,171,170,1,27,35,182,,,
172,pichu,Pichu,Pichu,Tiny Mouse,ピチュー,Pichu,こねずみ,2,172,,21,21,13,,9,31,3,20,4,190,42,70,15,,1,10,1000000,25,172,,,,,155,103,,
173,cleffa,Cleffa,Cleffa,Star Shape,ピィ,Py,ほしがた,2,173,,40,40,1,,56,132,3,30,6,150,37,140,15,,1,10,800000,36,173,,,,98,,99,,
174,igglybuff,Igglybuff,Igglybuff,Balloon,ププリン,Pupurin,ふうせん,2,174,,43,43,1,,56,132,3,10,6,170,39,70,15,,1,10,800000,41,174,,,,,137,,,
175,togepi,Togepi,Togepi,Spike Ball,トゲピー,Togepy,はりたま,2,175,,46,46,1,,55,105,3,15,1,190,74,70,15,,1,10,800000,202,175,,,,32,,173,,
176,togetic,Togetic,Togetic,Happiness,トゲチック,Togechick,しあわせ,2,176,,47,47,1,3,55,105,6,32,1,75,114,70,4,6,0,10,800000,203,176,175,13,,32,,174,,
177,natu,Natu,Natu,Tiny Bird,ネイティ,Naty,ことり,2,177,,161,159,14,3,28,156,2,20,4,190,73,70,4,,0,20,1000000,205,177,,,,48,162,,,
178,xatu,Xatu,Xatu,Mystic,ネイティオ,Natio,せいれい,2,178,,162,160,14,3,28,156,15,150,4,75,171,70,4,,0,20,1000000,206,178,177,1,25,48,163,,,
179,mareep,Mareep,Mareep,Wool,メリープ,Merriep,わたげ,2,179,,53,53,13,,9,57,6,78,4,235,59,70,1,5,0,20,1059860,207,179,,,,,,,,
180,flaaffy,Flaaffy,Flaaffy,Wool,モココ,Mokoko,わたげ,2,180,,54,54,13,,9,57,8,133,4,120,117,70,1,5,0,20,1059860,208,180,179,1,15,,,,,
181,ampharos,Ampharos,Ampharos,Light,デンリュウ,Denryu,ライト,2,181,,55,55,13,,9,57,14,615,4,45,194,70,1,5,0,20,1059860,209,181,180,1,30,,,,,
182,bellossom,Bellossom,Bellossom,Flower,キレイハナ,Kireihana,フラワー,2,182,,86,86,12,,34,131,4,58,4,45,184,70,7,,0,20,1059860,50,182,44,7,47,,91,,,
183,marill,Marill,Marill,Aqua Mouse,マリル,Maril,みずねずみ,2,183,,132,130,11,,47,157,4,85,4,190,58,70,2,6,0,10,800000,211,183,298,13,,37,55,125,,
184,azumarill,Azumarill,Azumarill,Aqua Rabbit,マリルリ,Marilli,みずうさぎ,2,184,,133,131,11,,47,157,8,285,4,75,153,70,2,6,0,10,800000,212,184,183,1,18,37,56,126,,
185,sudowoodo,Sudowoodo,Sudowoodo,Imitation,ウソッキー,Usokkie,まね,2,185,,107,106,6,,5,155,12,380,4,65,135,70,10,,0,20,1000000,214,185,438,12,102,69,,93,,
186,politoed,Politoed,Politoed,Frog,ニョロトノ,Nyorotono,かえる,2,186,,75,75,11,,11,2,11,339,4,45,185,70,2,,0,20,1059860,68,186,61,6,164,6,,,,
187,hoppip,Hoppip,Hoppip,Cottonweed,ハネッコ,Hanecco,わたくさ,2,187,,67,67,12,3,34,151,4,5,4,255,74,70,6,7,0,20,1059860,215,187,,,,102,,,,
188,skiploom,Skiploom,Skiploom,Cottonweed,ポポッコ,Popocco,わたくさ,2,188,,68,68,12,3,34,151,6,10,4,120,136,70,6,7,0,20,1059860,216,188,187,1,18,102,,,,
189,jumpluff,Jumpluff,Jumpluff,Cottonweed,ワタッコ,Watacco,わたくさ,2,189,,69,69,12,3,34,151,8,30,4,45,176,70,6,7,0,20,1059860,217,189,188,1,27,102,,,,
190,aipom,Aipom,Aipom,Long Tail,エイパム,Eipam,おなが,2,190,,123,122,1,,50,92,8,115,4,45,94,70,5,,0,20,800000,218,190,,,,53,,63,,
191,sunkern,Sunkern,Sunkern,Seed,ヒマナッツ,Himanuts,たね,2,191,,103,102,12,,34,48,3,18,4,235,52,70,7,,0,20,1059860,220,191,,,,94,,,,
192,sunflora,Sunflora,Sunflora,Sun,キマワリ,Kimawari,たいよう,2,192,,104,103,12,,34,48,8,85,4,120,146,70,7,,0,20,1059860,221,192,191,7,47,94,,,,
193,yanma,Yanma,Yanma,Clear Wing,ヤンヤンマ,Yanyanma,うすばね,2,193,,101,101,7,3,3,119,12,380,4,75,147,70,3,,0,20,1000000,222,193,,,,14,,183,,
194,wooper,Wooper,Wooper,Water Fish,ウパー,Upah,みずうお,2,194,,56,56,11,5,6,109,4,85,4,255,52,70,2,5,0,20,1000000,224,194,,,,11,,117,,
195,quagsire,Quagsire,Quagsire,Water Fish,ヌオー,Nuoh,みずうお,2,195,,57,57,11,5,6,109,14,750,4,90,137,70,2,5,0,20,1000000,225,195,194,1,20,11,,118,,
196,espeon,Espeon,Espeon,Sun,エーフィ,Eifie,たいよう,2,196,,188,184,14,,28,156,9,265,1,45,197,70,5,,0,35,1000000,161,196,133,14,Sun Shard,,,167,,
197,umbreon,Umbreon,Umbreon,Moonlight,ブラッキー,Blacky,げっこう,2,197,,189,185,17,,28,39,10,270,1,45,197,35,5,,0,35,1000000,162,197,133,15,Moon Shard,,,168,,
198,murkrow,Murkrow,Murkrow,Darkness,ヤミカラス,Yamikarasu,くらやみ,2,198,,213,208,17,3,15,158,5,21,4,30,107,35,4,,0,20,1059860,226,198,,,,105,,74,,
199,slowking,Slowking,Slowking,Royal,ヤドキング,Yadoking,おうじゃ,2,199,,82,82,11,14,12,144,20,795,4,70,164,70,1,2,0,20,1000000,87,199,79,6,164,20,,,,
200,misdreavus,Misdreavus,Misdreavus,Screech,ムウマ,Muma,よなき,2,200,,219,214,8,,26,,7,10,4,45,147,35,11,,0,25,800000,228,200,,,,,,72,,
201,unown,Unown,Unown,Symbol,アンノーン,Unknown,シンボル,2,201,,61,61,14,,26,,5,50,-1,225,61,70,15,,0,40,1000000,230,201,,,,,,114,,
202,wobbuffet,Wobbuffet,Wobbuffet,Patient,ソーナンス,Sonans,がまん,2,202,,108,107,14,,23,140,13,285,4,45,177,70,11,,0,20,1000000,232,202,360,1,15,,161,,,
203,girafarig,Girafarig,Girafarig,Long Neck,キリンリキ,Kirinriki,くびなが,2,203,,149,147,1,14,39,157,15,415,4,60,149,70,5,,0,20,1000000,233,203,,,,48,164,121,,
204,pineco,Pineco,Pineco,Bagworm,クヌギダマ,Kunugidama,みのむし,2,204,,93,93,7,,5,142,6,72,4,190,60,70,3,,0,20,1000000,234,204,,,,,,,,
205,forretress,Forretress,Forretress,Bagworm,フォレトス,Foretos,みのむし,2,205,,94,94,7,9,5,142,12,1258,4,75,118,70,3,,0,20,1000000,235,205,204,1,31,,,,,
206,dunsparce,Dunsparce,Dunsparce,Land Snake,ノコッチ,Nokocchi,つちへび,2,206,,52,52,1,,32,155,15,140,4,190,125,70,5,,0,20,1000000,236,206,,,,50,,,,
207,gligar,Gligar,Gligar,FlyScorpion,グライガー,Gliger,とびさそり,2,207,,193,189,5,3,52,17,11,648,4,60,108,70,3,,0,20,1059860,237,207,,,,8,,153,,
208,steelix,Steelix,Steelix,Iron Snake,ハガネール,Haganeil,てつへび,2,208,,63,63,9,5,69,125,92,4000,4,25,196,70,10,,0,25,1000000,104,208,95,6,99,5,,35,,
209,snubbull,Snubbull,Snubbull,Fairy,ブルー,Bull,ようせい,2,209,,125,123,1,,22,155,6,78,6,190,63,70,5,6,0,20,800000,239,209,,,,50,,,,
210,granbull,Granbull,Granbull,Fairy,グランブル,Granbull,ようせい,2,210,,126,124,1,,22,155,14,487,6,75,178,70,5,6,0,20,800000,240,210,209,1,23,95,,,,
211,qwilfish,Qwilfish,Qwilfish,Balloon,ハリーセン,Harysen,ふうせん,2,211,,163,161,11,4,38,22,5,39,4,45,100,70,12,,0,20,1000000,241,211,,,,33,,,,
212,scizor,Scizor,Scizor,Pincer,ハッサム,Hassam,はさみ,2,212,,112,111,7,9,68,135,18,1180,4,25,200,70,3,,0,25,1000000,142,212,123,6,99,101,,196,,
213,shuckle,Shuckle,Shuckle,Mold,ツボツボ,Tsubotsubo,はっこう,2,213,,168,166,7,6,5,126,6,205,4,190,80,70,3,,0,20,1059860,242,213,,,,82,,,,
214,heracross,Heracross,Heracross,Single Horn,ヘラクロス,Heracros,1ぽんヅノ,2,214,,114,113,7,2,68,153,15,540,4,45,200,70,3,,0,25,1250000,243,214,,,,62,168,62,,
215,sneasel,Sneasel,Sneasel,Sharp Claw,ニューラ,Nyula,かぎづめ,2,215,,218,213,17,15,39,124,9,280,4,60,132,35,5,,0,20,1059860,244,215,,,,51,,144,,
216,teddiursa,Teddiursa,Teddiursa,Little Bear,ヒメグマ,Himeguma,こぐま,2,216,,198,193,1,,53,118,6,88,4,120,124,70,5,,0,20,1000000,246,216,,,,95,,,,
217,ursaring,Ursaring,Ursaring,Hibernator,リングマ,Ringuma,とうみん,2,217,,199,194,1,,62,127,18,1258,4,60,189,70,5,,0,20,1000000,247,217,216,1,30,95,,,,
218,slugma,Slugma,Slugma,Lava,マグマッグ,Magmag,ようがん,2,218,,216,211,10,,40,133,7,350,4,190,78,70,11,,0,20,1000000,248,218,,,,49,103,,,
219,magcargo,Magcargo,Magcargo,Lava,マグカルゴ,Magcargot,ようがん,2,219,,217,212,10,6,40,133,8,550,4,75,154,70,11,,0,20,1000000,249,219,218,1,38,49,104,,,
220,swinub,Swinub,Swinub,Pig,ウリムー,Urimoo,いのぶた,2,220,,195,191,15,5,12,47,4,65,4,225,78,70,5,,0,20,1250000,250,220,,,,81,,203,,
221,piloswine,Piloswine,Piloswine,Swine,イノムー,Inomoo,いのしし,2,221,,196,192,15,5,12,47,11,558,4,75,160,70,5,,0,20,1250000,251,221,220,1,33,81,,204,,
222,corsola,Corsola,Corsola,Coral,サニーゴ,Sunnygo,さんご,2,222,,173,171,11,6,55,144,6,50,6,60,113,70,2,9,0,20,800000,253,222,,,,30,180,,,
223,remoraid,Remoraid,Remoraid,Jet,テッポウオ,Teppouo,ふんしゃ,2,223,,174,172,11,,55,141,6,120,4,190,78,70,2,12,0,20,1000000,254,223,,,,97,,132,,
224,octillery,Octillery,Octillery,Jet,オクタン,Okutank,ふんしゃ,2,224,,175,173,11,,21,141,9,285,4,75,164,70,2,12,0,20,1000000,255,224,223,1,25,97,,133,,
225,delibird,Delibird,Delibird,Delivery,デリバード,Delibird,はこびや,2,225,,194,190,15,3,72,15,9,160,4,45,183,70,2,5,0,20,800000,256,225,,,,55,,,,
226,mantine,Mantine,Mantine,Kite,マンタイン,Mantain,カイト,2,226,,202,197,11,3,33,41,21,2200,4,25,168,70,2,,0,25,1250000,258,226,458,21,223,11,,141,,
227,skarmory,Skarmory,Skarmory,Armor Bird,エアームド,Airmd,よろいどり,2,227,,203,198,9,3,51,133,17,505,4,25,168,70,4,,0,25,1250000,259,227,,,,5,115,,,
228,houndour,Houndour,Houndour,Dark,デルビル,Delvil,ダーク,2,228,,214,209,17,10,48,127,6,108,4,120,114,35,5,,0,20,1250000,260,228,,,,18,,176,,
229,houndoom,Houndoom,Houndoom,Dark,ヘルガー,Hellgar,ダーク,2,229,,215,210,17,10,48,127,14,350,4,45,204,35,5,,0,20,1250000,261,229,228,1,24,18,,177,,
230,kingdra,Kingdra,Kingdra,Dragon,キングドラ,Kingdra,ドラゴン,2,230,,192,188,11,16,33,6,18,1520,4,45,207,70,2,14,0,20,1000000,134,230,117,6,161,97,186,,,
231,phanpy,Phanpy,Phanpy,Long Nose,ゴマゾウ,Gomazou,ながはな,2,231,,200,195,5,,53,8,5,335,4,120,124,70,5,,0,20,1000000,262,231,,,,,165,,,
232,donphan,Donphan,Donphan,Armor,ドンファン,Donfan,よろい,2,232,,201,196,5,,5,8,11,1200,4,60,189,70,5,,0,20,1000000,263,232,231,1,25,,166,,,
233,porygon2,Porygon2,Porygon2,Virtual,ポリゴン２,Porygon2,バーチャル,2,233,,221,216,1,,36,148,6,325,-1,45,180,70,10,,0,20,1000000,166,233,137,6,169,88,,193,,
234,stantler,Stantler,Stantler,Big Horn,オドシシ,Odoshishi,おおツノ,2,234,,131,129,1,,22,157,14,712,4,45,165,70,5,,0,20,1250000,264,234,,,,119,,,,
235,smeargle,Smeargle,Smeargle,Painter,ドーブル,Doble,えかき,2,235,,159,157,1,,20,141,12,580,4,45,106,70,5,,0,20,800000,265,235,,,,101,,,,
236,tyrogue,Tyrogue,Tyrogue,Scuffle,バルキー,Balkie,けんか,2,236,,145,143,2,,62,72,7,210,0,75,91,70,15,,1,25,1000000,115,236,,,,80,,,,
237,hitmontop,Hitmontop,Hitmontop,Handstand,カポエラー,Kapoerer,さかだち,2,237,,148,146,2,,22,80,14,480,0,45,138,70,8,,0,25,1000000,118,237,236,20,20,101,,,,
238,smoochum,Smoochum,Smoochum,Kiss,ムチュール,Muchul,くちづけ,2,238,,154,152,15,14,12,93,4,60,8,45,87,70,15,,1,25,1000000,143,238,,,,108,,,,
239,elekid,Elekid,Elekid,Electric,エレキッド,Elekid,でんき,2,239,,156,154,13,,9,72,6,235,2,45,106,70,15,,1,25,1000000,145,239,,,,,,197,,
240,magby,Magby,Magby,Live Coal,ブビィ,Buby,ひだね,2,240,,152,150,10,,49,72,7,214,2,45,117,70,15,,1,25,1000000,148,240,,,,,,200,,
241,miltank,Miltank,Miltank,Milk Cow,ミルタンク,Miltank,ちちうし,2,241,,151,149,1,,47,157,12,755,8,45,200,70,5,,0,20,1250000,266,241,,,,113,,,,
242,blissey,Blissey,Blissey,Happiness,ハピナス,Happinas,しあわせ,2,242,,223,218,1,,30,131,15,468,8,30,255,140,6,,0,40,800000,128,242,113,13,,32,,98,,
243,raikou,Raikou,Raikou,Thunder,ライコウ,Raikou,いかずち,2,243,,243,238,13,,46,10,19,1780,-1,3,216,35,15,,0,80,1250000,267,243,,,,,,,,
244,entei,Entei,Entei,Volcano,エンテイ,Entei,かざん,2,244,,244,239,10,,46,18,21,1980,-1,3,217,35,15,,0,80,1250000,268,244,,,,,,,,
245,suicune,Suicune,Suicune,Aurora,スイクン,Suicune,オーロラ,2,245,,245,240,11,,46,11,20,1870,-1,3,215,35,15,,0,80,1250000,269,245,,,,,,,,
246,larvitar,Larvitar,Larvitar,Rock Skin,ヨーギラス,Yogiras,いわはだ,2,246,,249,244,6,5,62,8,6,720,4,45,67,35,1,,0,40,1250000,270,246,,,,,,,,
247,pupitar,Pupitar,Pupitar,Hard Shell,サナギラス,Sanagiras,だんがん,2,247,,250,245,6,5,61,,12,1520,4,45,144,35,1,,0,40,1250000,271,247,246,1,30,,,,,
248,tyranitar,Tyranitar,Tyranitar,Armor,バンギラス,Bangiras,よろい,2,248,,251,246,6,17,45,127,20,2020,4,45,218,35,1,,0,40,1250000,272,248,247,1,55,,,,,
249,lugia,Lugia,Lugia,Diving,ルギア,Lugia,せんすい,2,249,,252,247,14,3,46,136,52,2160,-1,3,220,0,15,,0,120,1250000,273,249,,,,,,,,
250,ho-oh,Ho-Oh,Ho-Oh,Rainbow,ホウオウ,Houou,にじいろ,2,250,,253,248,10,3,46,144,38,1990,-1,3,220,0,15,,0,120,1250000,274,250,,,,,,,,
251,celebi,Celebi,Celebi,Time Travel,セレビィ,Celebi,ときわたり,2,251,,256,251,14,12,30,,6,50,-1,45,64,100,15,,0,120,1059860,275,251,,,,,,,,
252,treecko,Treecko,Treecko,Wood Gecko,キモリ,Kimori,もりトカゲ,3,252,,,,12,,65,84,5,50,1,45,65,70,1,14,0,20,1059860,276,252,,,,,1,,,
253,grovyle,Grovyle,Grovyle,Wood Gecko,ジュプトル,Juptile,もりトカゲ,3,253,,,,12,,65,84,9,216,1,45,141,70,1,14,0,20,1059860,277,253,252,1,16,,2,,,
254,sceptile,Sceptile,Sceptile,Forest,ジュカイン,Jukain,みつりん,3,254,,,,12,,65,84,17,522,1,45,208,70,1,14,0,20,1059860,278,254,253,1,36,,3,,,
255,torchic,Torchic,Torchic,Chick,アチャモ,Achamo,ひよこ,3,255,,,,10,,66,3,4,25,1,45,65,70,5,,0,20,1059860,279,255,,,,,4,,,
256,combusken,Combusken,Combusken,Young Fowl,ワカシャモ,Wakasyamo,わかどり,3,256,,,,10,2,66,3,9,195,1,45,142,70,5,,0,20,1059860,280,256,255,1,16,,5,,,
257,blaziken,Blaziken,Blaziken,Blaze,バシャーモ,Bursyamo,もうか,3,257,,,,10,2,66,3,19,520,1,45,209,70,5,,0,20,1059860,281,257,256,1,36,,6,,,
258,mudkip,Mudkip,Mudkip,Mud Fish,ミズゴロウ,Mizugorou,ぬまうお,3,258,,,,11,,67,6,4,76,1,45,65,70,1,2,0,20,1059860,282,258,,,,,7,,,
259,marshtomp,Marshtomp,Marshtomp,Mud Fish,ヌマクロー,Numacraw,ぬまうお,3,259,,,,11,5,67,6,7,280,1,45,143,70,1,2,0,20,1059860,283,259,258,1,16,,8,,,
260,swampert,Swampert,Swampert,Mud Fish,ラグラージ,Laglarge,ぬまうお,3,260,,,,11,5,67,6,15,819,1,45,210,70,1,2,0,20,1059860,284,260,259,1,36,,9,,,
261,poochyena,Poochyena,Poochyena,Bite,ポチエナ,Pochiena,かみつき,3,261,,,,17,,50,155,5,136,4,255,55,70,5,,0,15,1000000,285,261,,,,95,10,,,
262,mightyena,Mightyena,Mightyena,Bite,グラエナ,Guraena,かみつき,3,262,,,,17,,22,153,10,370,4,127,128,70,5,,0,15,1000000,286,262,261,1,18,95,11,,,
263,zigzagoon,Zigzagoon,Zigzagoon,TinyRaccoon,ジグザグマ,Jiguzaguma,まめだぬき,3,263,,,,1,,53,95,4,175,4,255,60,70,5,,0,15,1000000,287,263,,,,82,12,,,
264,linoone,Linoone,Linoone,Rushing,マッスグマ,Massuguma,とっしん,3,264,,,,1,,53,95,5,325,4,90,128,70,5,,0,15,1000000,288,264,263,1,20,82,13,,,
265,wurmple,Wurmple,Wurmple,Worm,ケムッソ,Kemusso,いもむし,3,265,,,,7,,19,50,3,36,4,255,54,70,3,,0,15,1000000,289,265,,,,,14,48,,
266,silcoon,Silcoon,Silcoon,Cocoon,カラサリス,Karasalis,さなぎ,3,266,,,,7,,61,,6,100,4,120,72,70,3,,0,15,1000000,290,266,265,1,7,,15,49,,
267,beautifly,Beautifly,Beautifly,Butterfly,アゲハント,Agehunt,ちょうちょ,3,267,,,,7,3,68,79,10,284,4,45,161,70,3,,0,15,1000000,291,267,266,1,10,,16,50,,
268,cascoon,Cascoon,Cascoon,Cocoon,マユルド,Mayuld,さなぎ,3,268,,,,7,,61,,7,115,4,120,72,70,3,,0,15,1000000,292,268,265,1,7,,17,51,,
269,dustox,Dustox,Dustox,Poison Moth,ドクケイル,Dokucale,どくが,3,269,,,,7,4,19,14,12,316,4,45,161,70,3,,0,15,1000000,293,269,268,1,10,,18,52,,
270,lotad,Lotad,Lotad,Water Weed,ハスボー,Hassboh,うきくさ,3,270,,,,11,12,33,20,5,26,4,255,74,70,2,7,0,15,1059860,294,270,,,,44,19,,,
271,lombre,Lombre,Lombre,Jolly,ハスブレロ,Hasubrero,ようき,3,271,,,,11,12,33,20,12,325,4,120,141,70,2,7,0,15,1059860,295,271,270,1,14,44,20,,,
272,ludicolo,Ludicolo,Ludicolo,Carefree,ルンパッパ,Runpappa,のうてんき,3,272,,,,11,12,33,20,15,550,4,45,181,70,2,7,0,15,1059860,296,272,271,7,43,44,21,,,
273,seedot,Seedot,Seedot,Acorn,タネボー,Taneboh,どんぐり,3,273,,,,12,,34,124,5,40,4,255,74,70,5,7,0,15,1059860,297,273,,,,48,22,,,
274,nuzleaf,Nuzleaf,Nuzleaf,Wily,コノハナ,Konohana,いじわる,3,274,,,,12,17,34,124,10,280,4,120,141,70,5,7,0,15,1059860,298,274,273,1,14,48,23,,,
275,shiftry,Shiftry,Shiftry,Wicked,ダーテング,Dirteng,よこしま,3,275,,,,12,17,34,124,13,596,4,45,181,70,5,7,0,15,1059860,299,275,274,7,45,48,24,,,
276,taillow,Taillow,Taillow,TinySwallow,スバメ,Subame,こツバメ,3,276,,,,1,3,62,113,3,23,4,200,59,70,4,,0,15,1059860,300,276,,,,,25,,,
277,swellow,Swellow,Swellow,Swallow,オオスバメ,Ohsubame,ツバメ,3,277,,,,1,3,62,113,7,198,4,45,162,70,4,,0,15,1059860,301,277,276,1,22,,26,,,
278,wingull,Wingull,Wingull,Seagull,キャモメ,Camome,うみねこ,3,278,,,,11,3,51,44,6,95,4,190,64,70,2,4,0,20,1000000,302,278,,,,,27,119,,
279,pelipper,Pelipper,Pelipper,Water Bird,ペリッパー,Pelipper,みずどり,3,279,,,,11,3,51,44,12,280,4,45,164,70,2,4,0,20,1000000,303,279,278,1,25,,28,120,,
280,ralts,Ralts,Ralts,Feeling,ラルトス,Ralts,きもち,3,280,,,,14,,28,140,4,66,4,235,70,35,11,,0,20,1250000,304,280,,,,36,29,157,,
281,kirlia,Kirlia,Kirlia,Emotion,キルリア,Kirlia,かんじょう,3,281,,,,14,,28,140,8,202,4,120,140,35,11,,0,20,1250000,305,281,280,1,20,36,30,158,,
282,gardevoir,Gardevoir,Gardevoir,Embrace,サーナイト,Sirknight,ほうよう,3,282,,,,14,,28,140,16,484,4,45,208,35,11,,0,20,1250000,306,282,281,1,30,36,31,159,,
283,surskit,Surskit,Surskit,Pond Skater,アメタマ,Ametama,あめんぼ,3,283,,,,7,11,33,44,5,17,4,200,63,70,2,3,0,15,1000000,308,283,,,,,32,,,
284,masquerain,Masquerain,Masquerain,Eyeball,アメモース,Amemoth,めだま,3,284,,,,7,3,22,127,8,36,4,75,128,70,2,3,0,15,1000000,309,284,283,1,22,,33,,,
285,shroomish,Shroomish,Shroomish,Mushroom,キノココ,Kinococo,きのこ,3,285,,,,12,,27,95,4,45,4,255,65,70,6,7,0,15,1640000,310,285,,,,90,34,,,
286,breloom,Breloom,Breloom,Mushroom,キノガッサ,Kinogassa,きのこ,3,286,,,,12,2,27,101,12,392,4,90,165,70,6,7,0,15,1640000,311,286,285,1,23,90,35,,,
287,slakoth,Slakoth,Slakoth,Slacker,ナマケロ,Namakero,なまけもの,3,287,,,,1,,54,,8,240,4,255,83,70,5,,0,15,1250000,312,287,,,,,36,,,
288,vigoroth,Vigoroth,Vigoroth,Wild Monkey,ヤルキモノ,Yarukimono,あばれザル,3,288,,,,1,,72,,14,465,4,120,126,70,5,,0,15,1250000,313,288,287,1,18,,37,,,
289,slaking,Slaking,Slaking,Lazy,ケッキング,Kekking,ものぐさ,3,289,,,,1,,54,,20,1305,4,45,210,70,5,,0,15,1250000,314,289,288,1,36,,38,,,
290,nincada,Nincada,Nincada,Trainee,ツチニン,Tutinin,したづみ,3,290,,,,7,5,14,50,5,55,4,255,65,70,3,,0,15,600000,315,290,,,,,42,,,
291,ninjask,Ninjask,Ninjask,Ninja,テッカニン,Tekkanin,しのび,3,291,,,,7,3,3,151,8,120,4,120,155,70,3,,0,15,600000,316,291,290,1,20,,43,,,
292,shedinja,Shedinja,Shedinja,Shed,ヌケニン,Nukenin,ぬけがら,3,292,,,,7,8,25,,8,12,-1,45,95,70,10,,0,15,600000,317,292,290,17,291,,44,,,
293,whismur,Whismur,Whismur,Whisper,ゴニョニョ,Gonyonyo,ささやき,3,293,,,,1,,43,155,6,163,4,190,68,70,1,5,0,20,1059860,318,293,,,,,45,,,
294,loudred,Loudred,Loudred,Big Voice,ドゴーム,Dogohmb,おおごえ,3,294,,,,1,,43,113,10,405,4,120,126,70,1,5,0,20,1059860,319,294,293,1,20,,46,,,
295,exploud,Exploud,Exploud,Loud Noise,バクオング,Bakuong,そうおん,3,295,,,,1,,43,113,15,840,4,45,184,70,1,5,0,20,1059860,320,295,294,1,40,,47,,,
296,makuhita,Makuhita,Makuhita,Guts,マクノシタ,Makunoshita,こんじょう,3,296,,,,2,,47,125,10,864,2,180,87,70,8,,0,20,1640000,321,296,,,,62,48,,,
297,hariyama,Hariyama,Hariyama,Arm Thrust,ハリテヤマ,Hariteyama,つっぱり,3,297,,,,2,,47,125,23,2538,2,200,184,70,8,,0,20,1640000,322,297,296,1,24,62,49,,,
298,azurill,Azurill,Azurill,Polka Dot,ルリリ,Ruriri,みずたま,3,298,,,,1,,47,157,2,20,6,150,33,70,15,,1,10,800000,210,298,,,,37,54,124,231,
299,nosepass,Nosepass,Nosepass,Compass,ノズパス,Nosepass,コンパス,3,299,,,,6,,5,159,10,970,4,255,108,70,10,,0,20,1000000,323,299,,,,42,60,155,,
300,skitty,Skitty,Skitty,Kitten,エネコ,Eneco,こねこ,3,300,,,,1,,56,147,6,110,6,255,65,70,5,6,0,15,800000,325,300,,,,96,61,,,
301,delcatty,Delcatty,Delcatty,Prim,エネコロロ,Enekororo,おすまし,3,301,,,,1,,56,147,11,326,6,60,138,70,5,6,0,15,800000,326,301,300,7,46,96,62,,,
302,sableye,Sableye,Sableye,Darkness,ヤミラミ,Yamirami,くらやみ,3,302,,,,17,8,51,158,5,110,4,45,98,35,8,,0,25,1059860,327,302,,,,100,68,,,
303,mawile,Mawile,Mawile,Deceiver,クチート,Kucheat,あざむき,3,303,,,,9,,52,125,6,115,4,45,98,70,5,6,0,20,800000,328,303,,,,22,69,,,
304,aron,Aron,Aron,Iron Armor,ココドラ,Cokodora,てつヨロイ,3,304,,,,9,6,5,134,4,600,4,180,96,35,1,,0,35,1250000,329,304,,,,69,70,,,
305,lairon,Lairon,Lairon,Iron Armor,コドラ,Kodora,てつヨロイ,3,305,,,,9,6,5,134,9,1200,4,90,152,35,1,,0,35,1250000,330,305,304,1,32,69,71,,,
306,aggron,Aggron,Aggron,Iron Armor,ボスゴドラ,Bossgodora,てつヨロイ,3,306,,,,9,6,5,134,21,3600,4,45,205,35,1,,0,35,1250000,331,306,305,1,42,69,72,,,
307,meditite,Meditite,Meditite,Meditate,アサナン,Asanan,めいそう,3,307,,,,2,14,74,140,6,112,4,180,91,70,8,,0,20,1000000,332,307,,,,,76,86,,
308,medicham,Medicham,Medicham,Meditate,チャーレム,Charem,めいそう,3,308,,,,2,14,74,140,13,315,4,90,153,70,8,,0,20,1000000,333,308,307,1,37,,77,87,,
309,electrike,Electrike,Electrike,Lightning,ラクライ,Rakurai,いなずま,3,309,,,,13,,9,58,6,152,4,120,104,70,5,,0,20,1250000,334,309,,,,31,78,,,
310,manectric,Manectric,Manectric,Discharge,ライボルト,Livolt,ほうでん,3,310,,,,13,,9,58,15,402,4,45,168,70,5,,0,20,1250000,335,310,309,1,26,31,79,,,
311,plusle,Plusle,Plusle,Cheering,プラスル,Plusle,おうえん,3,311,,,,13,,57,,4,42,4,200,120,70,6,,0,20,1000000,336,311,,,,,80,,,
312,minun,Minun,Minun,Cheering,マイナン,Minun,おうえん,3,312,,,,13,,58,,4,42,4,200,120,70,6,,0,20,1000000,337,312,,,,,81,,,
313,volbeat,Volbeat,Volbeat,Firefly,バルビート,Barubeat,ほたる,3,313,,,,7,,35,158,7,177,0,150,146,70,3,8,0,15,600000,338,313,,,,68,86,,,
314,illumise,Illumise,Illumise,Firefly,イルミーゼ,Illumise,ほたる,3,314,,,,7,,12,158,6,177,8,150,146,70,3,8,0,15,1640000,339,314,,,,110,87,,,
315,roselia,Roselia,Roselia,Thorn,ロゼリア,Roselia,いばら,3,315,,,,12,4,30,102,3,20,4,150,152,70,6,7,0,20,1059860,341,315,406,14,,38,94,26,,
316,gulpin,Gulpin,Gulpin,Stomach,ゴクリン,Gokulin,いぶくろ,3,316,,,,4,,64,82,4,103,4,225,75,70,11,,0,20,1640000,343,316,,,,60,95,,,
317,swalot,Swalot,Swalot,Poison Bag,マルノーム,Marunoom,どくぶくろ,3,317,,,,4,,64,82,17,800,4,75,168,70,11,,0,20,1640000,344,317,316,1,26,60,96,,,
318,carvanha,Carvanha,Carvanha,Savage,キバニア,Kibanha,どうもう,3,318,,,,11,17,24,3,8,208,4,225,88,35,12,,0,20,1250000,345,318,,,,,97,,,
319,sharpedo,Sharpedo,Sharpedo,Brutal,サメハダー,Samehader,きょうぼう,3,319,,,,11,17,24,3,18,888,4,60,175,35,12,,0,20,1250000,346,319,318,1,30,,98,,,
320,wailmer,Wailmer,Wailmer,Ball Whale,ホエルコ,Whalko,たまくじら,3,320,,,,11,,41,46,20,1300,4,125,137,70,5,12,0,40,1640000,347,320,,,,12,99,,,
321,wailord,Wailord,Wailord,Float Whale,ホエルオー,Whaloh,うきくじら,3,321,,,,11,,41,46,145,3980,4,60,206,70,5,12,0,40,1640000,348,321,320,1,40,12,100,,,
322,numel,Numel,Numel,Numb,ドンメル,Donmel,どんかん,3,322,,,,10,5,12,20,7,240,4,255,88,70,5,,0,20,1000000,349,322,,,,86,101,,,
323,camerupt,Camerupt,Camerupt,Eruption,バクーダ,Bakuuda,ふんか,3,323,,,,10,5,40,83,19,2200,4,150,175,70,5,,0,20,1000000,350,323,322,1,33,116,102,,,
324,torkoal,Torkoal,Torkoal,Coal,コータス,Cotoise,せきたん,3,324,,,,10,,73,75,5,804,4,90,161,70,5,,0,20,1000000,351,324,,,,,105,,,
325,spoink,Spoink,Spoink,Bounce,バネブー,Baneboo,とびはね,3,325,,,,14,,47,82,7,306,4,255,89,70,5,,0,20,800000,352,325,,,,20,110,,,
326,grumpig,Grumpig,Grumpig,Manipulate,ブーピッグ,Boopig,あやつり,3,326,,,,14,,47,82,9,715,4,60,164,70,5,,0,20,800000,353,326,325,1,32,20,111,,,
327,spinda,Spinda,Spinda,Spot Panda,パッチール,Patcheel,ぶちパンダ,3,327,,,,1,,20,126,11,50,4,255,85,70,5,8,0,15,800000,354,327,,,,77,114,,,
328,trapinch,Trapinch,Trapinch,Ant Pit,ナックラー,Nuckrar,ありじごく,3,328,,,,5,,52,125,7,150,4,255,73,70,3,,0,20,1059860,355,328,,,,71,116,,,
329,vibrava,Vibrava,Vibrava,Vibration,ビブラーバ,Vibrava,しんどう,3,329,,,,5,16,26,,11,153,4,120,126,70,3,,0,20,1059860,356,329,328,1,35,,117,,,
330,flygon,Flygon,Flygon,Mystic,フライゴン,Flygon,せいれい,3,330,,,,5,16,26,,20,820,4,45,197,70,3,,0,20,1059860,357,330,329,1,45,,118,,,
331,cacnea,Cacnea,Cacnea,Cactus,サボネア,Sabonea,サボテン,3,331,,,,12,,8,11,4,513,4,190,97,35,7,8,0,20,1059860,358,331,,,,,119,,,
332,cacturne,Cacturne,Cacturne,Scarecrow,ノクタス,Noctus,カカシぐさ,3,332,,,,12,17,8,11,13,774,4,60,177,35,7,8,0,20,1059860,359,332,331,1,32,,120,,,
333,swablu,Swablu,Swablu,Cotton Bird,チルット,Chiruyto,わたどり,3,333,,,,1,3,30,13,4,12,4,255,74,70,4,14,0,20,600000,360,333,,,,,121,171,,
334,altaria,Altaria,Altaria,Humming,チルタリス,Tyltalis,ハミング,3,334,,,,16,3,30,13,11,206,4,45,188,70,4,14,0,20,600000,361,334,333,1,35,,122,172,,
335,zangoose,Zangoose,Zangoose,Cat Ferret,ザングース,Zangoose,ネコイタチ,3,335,,,,1,,17,137,13,403,4,90,165,70,5,,0,20,600000,362,335,,,,,123,,,
336,seviper,Seviper,Seviper,Fang Snake,ハブネーク,Habunake,キバへび,3,336,,,,4,,61,151,27,525,4,90,165,70,5,14,0,20,1640000,363,336,,,,,124,,,
337,lunatone,Lunatone,Lunatone,Meteorite,ルナトーン,Lunatone,いんせき,3,337,,,,6,14,26,,10,1680,-1,45,150,70,10,,0,25,800000,364,337,,,,,125,,,
338,solrock,Solrock,Solrock,Meteorite,ソルロック,Solrock,いんせき,3,338,,,,6,14,26,,12,1540,-1,45,150,70,10,,0,25,800000,365,338,,,,,126,,,
339,barboach,Barboach,Barboach,Whiskers,ドジョッチ,Dojoach,ひげうお,3,339,,,,11,5,12,93,4,19,4,190,92,70,12,,0,20,1000000,366,339,,,,107,127,80,,
340,whiscash,Whiscash,Whiscash,Whiskers,ナマズン,Namazun,ひげうお,3,340,,,,11,5,12,93,9,236,4,75,158,70,12,,0,20,1000000,367,340,339,1,30,107,128,81,,
341,corphish,Corphish,Corphish,Ruffian,ヘイガニ,Heigani,ごろつき,3,341,,,,11,,52,91,6,115,4,205,111,70,2,9,0,15,1640000,368,341,,,,75,129,,,
342,crawdaunt,Crawdaunt,Crawdaunt,Rogue,シザリガー,Shizariger,ならずもの,3,342,,,,11,17,52,91,11,328,4,155,161,70,2,9,0,15,1640000,369,342,341,1,30,75,130,,,
343,baltoy,Baltoy,Baltoy,Clay Doll,ヤジロン,Yajilon,どぐう,3,343,,,,5,14,26,,5,215,-1,255,58,70,10,,0,20,1000000,370,343,,,,,131,,,
344,claydol,Claydol,Claydol,Clay Doll,ネンドール,Nendoll,どぐう,3,344,,,,5,14,26,,15,1080,-1,90,189,70,10,,0,20,1000000,371,344,343,1,36,,132,,,
345,lileep,Lileep,Lileep,Sea Lily,リリーラ,Lilyla,ウミユリ,3,345,,,,6,12,21,114,10,238,1,45,99,70,9,,0,30,600000,372,345,,,,,133,,,
346,cradily,Cradily,Cradily,Barnacle,ユレイドル,Yuradle,いわつぼ,3,346,,,,6,12,21,114,15,604,1,45,199,70,9,,0,30,600000,373,346,345,1,40,,134,,,
347,anorith,Anorith,Anorith,Old Shrimp,アノプス,Anopth,むかしエビ,3,347,,,,6,7,4,33,7,125,1,45,99,70,9,,0,30,600000,374,347,,,,,135,,,
348,armaldo,Armaldo,Armaldo,Plate,アーマルド,Armaldo,かっちゅう,3,348,,,,6,7,4,33,15,682,1,45,199,70,9,,0,30,600000,375,348,347,1,40,,136,,,
349,feebas,Feebas,Feebas,Fish,ヒンバス,Hinbass,さかな,3,349,,,,11,,33,91,6,74,4,255,61,70,2,14,0,20,600000,376,349,,,,,140,138,,
350,milotic,Milotic,Milotic,Tender,ミロカロス,Milokaross,いつくしみ,3,350,,,,11,,63,56,62,1620,4,60,213,70,2,14,0,20,600000,377,350,349,16,170,,141,139,,
351,castform,Castform,Castform,Weather,ポワルン,Powalen,てんき,3,351,,,,1,,59,,3,8,4,45,145,70,6,11,0,25,1000000,378,351,,,,,142,,,
352,kecleon,Kecleon,Kecleon,Color Swap,カクレオン,Kakureon,いろへんげ,3,352,,,,1,,16,,10,220,4,200,132,70,5,,0,20,1059860,382,352,,,,,145,,,
353,shuppet,Shuppet,Shuppet,Puppet,カゲボウズ,Kagebouzu,にんぎょう,3,353,,,,8,,15,130,6,23,4,225,97,35,11,,0,25,800000,383,353,,,,119,146,,,
354,banette,Banette,Banette,Marionette,ジュペッタ,Juppeta,ぬいぐるみ,3,354,,,,8,,15,130,11,125,4,45,179,35,11,,0,25,800000,384,354,353,1,37,119,147,,,
355,duskull,Duskull,Duskull,Requiem,ヨマワル,Yomawaru,おむかえ,3,355,,,,8,,26,,8,150,4,190,97,35,11,,0,25,800000,385,355,,,,,148,189,,
356,dusclops,Dusclops,Dusclops,Beckon,サマヨール,Samayouru,てまねき,3,356,,,,8,,46,,16,306,4,90,179,35,11,,0,25,800000,386,356,355,1,37,,149,190,,
357,tropius,Tropius,Tropius,Fruit,トロピウス,Tropius,フルーツ,3,357,,,,12,3,34,139,20,1000,4,200,169,70,1,7,0,25,1250000,388,357,,,,94,150,185,,
358,chimecho,Chimecho,Chimecho,Wind Chime,チリーン,Chirean,ふうりん,3,358,,,,14,,26,,6,10,4,45,147,70,11,,0,25,800000,390,358,433,15,,,151,83,,
359,absol,Absol,Absol,Disaster,アブソル,Absol,わざわい,3,359,,,,17,,46,154,12,470,4,30,174,35,5,,0,25,1059860,391,359,,,,105,152,209,,
360,wynaut,Wynaut,Wynaut,Bright,ソーナノ,Sohnano,ほがらか,3,360,,,,14,,23,140,6,140,4,125,44,70,15,,1,20,1000000,231,360,,,,,160,,232,
361,snorunt,Snorunt,Snorunt,Snow Hat,ユキワラシ,Yukiwarashi,ゆきかさ,3,361,,,,15,,39,141,7,168,4,190,74,70,6,10,0,20,1000000,392,361,,,,115,171,206,,
362,glalie,Glalie,Glalie,Face,オニゴーリ,Onigohri,がんめん,3,362,,,,15,,39,141,15,2565,4,75,187,70,6,10,0,20,1000000,393,362,361,1,42,115,172,207,,
363,spheal,Spheal,Spheal,Clap,タマザラシ,Tamazarashi,てたたき,3,363,,,,15,11,47,12,8,395,4,255,75,70,2,5,0,20,1059860,395,363,,,,115,173,,,
364,sealeo,Sealeo,Sealeo,Ball Roll,トドグラー,Todoggler,たままわし,3,364,,,,15,11,47,12,11,876,4,120,128,70,2,5,0,20,1059860,396,364,363,1,32,115,174,,,
365,walrein,Walrein,Walrein,Ice Break,トドゼルガ,Todoseruga,こおりわり,3,365,,,,15,11,47,12,14,1506,4,45,192,70,2,5,0,20,1059860,397,365,364,1,44,115,175,,,
366,clamperl,Clamperl,Clamperl,Bivalve,パールル,Pearlulu,2まいがい,3,366,,,,11,,75,155,4,525,4,255,142,70,2,,0,20,600000,398,366,,,,,176,,,
367,huntail,Huntail,Huntail,Deep Sea,ハンテール,Huntail,しんかい,3,367,,,,11,,33,41,17,270,4,60,178,70,2,,0,20,600000,399,367,366,6,113,,177,,,
368,gorebyss,Gorebyss,Gorebyss,South Sea,サクラビス,Sakurabyss,なんかい,3,368,,,,11,,33,93,18,226,4,60,178,70,2,,0,20,600000,400,368,366,6,112,,178,,,
369,relicanth,Relicanth,Relicanth,Longevity,ジーランス,Glanth,ちょうじゅ,3,369,,,,11,6,33,5,10,234,1,25,198,70,2,12,0,40,1250000,401,369,,,,69,179,,,
370,luvdisc,Luvdisc,Luvdisc,Rendezvous,ラブカス,Lovecus,ランデブー,3,370,,,,11,,33,93,6,87,6,225,110,70,12,,0,20,800000,402,370,,,,,183,,,
371,bagon,Bagon,Bagon,Rock Head,タツベイ,Tatsubay,いしあたま,3,371,,,,16,,69,125,6,421,4,45,89,35,14,,0,40,1250000,403,371,,,,,187,,,
372,shelgon,Shelgon,Shelgon,Endurance,コモルー,Komoruu,にんたい,3,372,,,,16,,69,142,11,1105,4,45,144,35,14,,0,40,1250000,404,372,371,1,30,,188,,,
373,salamence,Salamence,Salamence,Dragon,ボーマンダ,Bohmander,ドラゴン,3,373,,,,16,3,22,153,15,1026,4,45,218,35,14,,0,40,1250000,405,373,372,1,50,,189,,,
374,beldum,Beldum,Beldum,Iron Ball,ダンバル,Dumbber,てっきゅう,3,374,,,,9,14,29,135,6,952,-1,3,103,35,10,,0,40,1250000,406,374,,,,,190,,,
375,metang,Metang,Metang,Iron Claw,メタング,Metang,てつツメ,3,375,,,,9,14,29,135,12,2025,-1,3,153,35,10,,0,40,1250000,407,375,374,1,20,,191,,,
376,metagross,Metagross,Metagross,Iron Leg,メタグロス,Metagross,てつあし,3,376,,,,9,14,29,135,16,5500,-1,3,210,35,10,,0,40,1250000,408,376,375,1,45,,192,,,
377,regirock,Regirock,Regirock,Rock Peak,レジロック,Regirock,いわやま,3,377,,,,6,,29,5,17,2300,-1,3,217,35,15,,0,80,1250000,409,377,,,,,193,,,
378,regice,Regice,Regice,Iceberg,レジアイス,Regice,ひょうざん,3,378,,,,15,,29,115,18,1750,-1,3,216,35,15,,0,80,1250000,410,378,,,,,194,,,
379,registeel,Registeel,Registeel,Iron,レジスチル,Registeel,くろがね,3,379,,,,9,,29,135,19,2050,-1,3,215,35,15,,0,80,1250000,411,379,,,,,195,,,
380,latias,Latias,Latias,Eon,ラティアス,Latias,むげん,3,380,,,,16,14,26,,14,400,8,3,211,90,15,,0,120,1250000,412,380,,,,,196,,,
381,latios,Latios,Latios,Eon,ラティオス,Latios,むげん,3,381,,,,16,14,26,,20,600,0,3,211,90,15,,0,120,1250000,413,381,,,,,197,,,
382,kyogre,Kyogre,Kyogre,Sea Basin,カイオーガ,Kyogre,かいてい,3,382,,,,11,,2,,45,3520,-1,5,218,0,15,,0,120,1250000,414,382,,,,,198,,,
383,groudon,Groudon,Groudon,Continent,グラードン,Groudon,たいりく,3,383,,,,5,,70,,35,9500,-1,5,218,0,15,,0,120,1250000,415,383,,,,,199,,,
384,rayquaza,Rayquaza,Rayquaza,Sky High,レックウザ,Rayquaza,てんくう,3,384,,,,16,3,76,,70,2065,-1,3,220,0,15,,0,120,1250000,416,384,,,,,200,,,
385,jirachi,Jirachi,Jirachi,Wish,ジラーチ,Jirachi,ねがいごと,3,385,,,,9,14,32,,3,11,-1,3,215,100,15,,0,120,1250000,417,385,,,,,201,,,
386,deoxys,Deoxys,Deoxys,DNA,デオキシス,Deoxys,DNA,3,386,,,,14,,46,,17,608,-1,3,215,0,15,,0,120,1250000,418,386,,,,,202,,,
387,turtwig,Turtwig,Turtwig,Tiny Leaf,ナエトル,Naetle,わかば,4,387,,,,12,,65,75,4,102,1,45,64,70,1,7,0,20,1059860,422,390,,,,,,1,,
388,grotle,Grotle,Grotle,Grove,ハヤシガメ,Hayashigame,こだち,4,388,,,,12,,65,75,11,970,1,45,141,70,1,7,0,20,1059860,423,391,387,1,18,,,2,,
389,torterra,Torterra,Torterra,Continent,ドダイトス,Dodaitose,たいりく,4,389,,,,12,5,65,75,22,3100,1,45,208,70,1,7,0,20,1059860,424,392,388,1,32,,,3,,
390,chimchar,Chimchar,Chimchar,Chimp,ヒコザル,Hikozaru,こざる,4,390,,,,10,,66,89,5,62,1,45,65,70,5,8,0,20,1059860,425,393,,,,,,4,,
391,monferno,Monferno,Monferno,Playful,モウカザル,Moukazaru,やんちゃ,4,391,,,,10,2,66,89,9,220,1,45,142,70,5,8,0,20,1059860,426,394,390,1,14,,,5,,
392,infernape,Infernape,Infernape,Flame,ゴウカザル,Goukazaru,かえん,4,392,,,,10,2,66,89,12,550,1,45,209,70,5,8,0,20,1059860,427,395,391,1,36,,,6,,
393,piplup,Piplup,Piplup,Penguin,ポッチャマ,Pochama,ペンギン,4,393,,,,11,,67,128,4,52,1,45,66,70,2,5,0,20,1059860,428,396,,,,,,7,,
394,prinplup,Prinplup,Prinplup,Penguin,ポッタイシ,Pottaishi,ペンギン,4,394,,,,11,,67,128,8,230,1,45,143,70,2,5,0,20,1059860,429,397,393,1,16,,,8,,
395,empoleon,Empoleon,Empoleon,Emperor,エンペルト,Emperte,こうてい,4,395,,,,11,9,67,128,17,845,1,45,210,70,2,5,0,20,1059860,430,398,394,1,36,,,9,,
396,starly,Starly,Starly,Starling,ムックル,Mukkuru,むくどり,4,396,,,,1,3,51,,3,20,4,255,56,70,4,,0,15,1059860,431,399,,,,,,10,,
397,staravia,Staravia,Staravia,Starling,ムクバード,Mukubird,むくどり,4,397,,,,1,3,22,120,6,155,4,120,113,70,4,,0,15,1059860,432,400,396,1,14,,,11,,
398,staraptor,Staraptor,Staraptor,Predator,ムクホーク,Mukuhawk,もうきん,4,398,,,,1,3,22,120,12,249,4,45,172,70,4,,0,15,1059860,433,401,397,1,34,,,12,,
399,bidoof,Bidoof,Bidoof,Plump Mouse,ビッパ,Bippa,まるねずみ,4,399,,,,1,,86,141,5,200,4,255,58,70,2,5,0,15,1000000,434,402,,,,109,,13,,
400,bibarel,Bibarel,Bibarel,Beaver,ビーダル,Beadaru,ビーバー,4,400,,,,1,11,86,141,10,315,4,127,116,70,2,5,0,15,1000000,435,403,399,1,15,109,,14,,
401,kricketot,Kricketot,Kricketot,Cricket,コロボーシ,Koroboshi,こおろぎ,4,401,,,,7,,61,50,3,22,4,255,54,70,3,,0,15,1059860,436,404,,,,,,15,,
402,kricketune,Kricketune,Kricketune,Cricket,コロトック,Korotock,こおろぎ,4,402,,,,7,,68,101,10,255,4,45,159,70,3,,0,15,1059860,437,405,401,1,10,,,16,,
403,shinx,Shinx,Shinx,Flash,コリンク,Kolink,せんこう,4,403,,,,13,,79,62,5,95,4,235,60,70,5,,0,20,1059860,438,406,,,,22,,17,,
404,luxio,Luxio,Luxio,Spark,ルクシオ,Luxio,でんこう,4,404,,,,13,,79,62,9,305,4,120,117,100,5,,0,20,1059860,439,407,403,1,15,22,,18,,
405,luxray,Luxray,Luxray,Gleam Eyes,レントラー,Rentorar,がんこう,4,405,,,,13,,79,62,14,420,4,45,194,70,5,,0,20,1059860,440,408,404,1,30,22,,19,,
406,budew,Budew,Budew,Bud,スボミー,Subomie,つぼみ,4,406,,,,12,4,30,102,2,12,4,255,68,70,15,,1,20,1059860,340,409,,,,38,,25,295,
407,roserade,Roserade,Roserade,Bouquet,ロズレイド,Roserade,ブーケ,4,407,,,,12,4,30,101,9,145,4,75,204,70,6,7,0,20,1059860,342,410,315,7,48,38,,27,,
408,cranidos,Cranidos,Cranidos,Head Butt,ズガイドス,Zugaidos,ずつき,4,408,,,,6,,104,125,9,315,1,45,99,70,1,,0,30,600000,441,411,,,,,,36,,
409,rampardos,Rampardos,Rampardos,Head Butt,ラムパルド,Rampald,ずつき,4,409,,,,6,,104,125,16,1025,1,45,199,70,1,,0,30,600000,442,412,408,1,30,,,37,,
410,shieldon,Shieldon,Shieldon,Shield,タテトプス,Tatetops,シールド,4,410,,,,6,9,5,43,5,570,1,45,99,70,1,,0,30,600000,443,413,,,,,,38,,
411,bastiodon,Bastiodon,Bastiodon,Shield,トリデプス,Torideps,シールド,4,411,,,,6,9,5,43,13,1495,1,45,199,70,1,,0,30,600000,444,414,410,1,30,,,39,,
412,burmy,Burmy,Burmy,Bagworm,ミノムッチ,Minomutchi,みのむし,4,412,,,,7,,61,142,2,34,4,120,61,70,3,,0,15,1000000,445,415,,,,,,45,,
413,wormadam,Wormadam,Wormadam,Bagworm,ミノマダム,Minomadam,みのむし,4,413,,,,7,12,107,142,5,65,8,45,159,70,3,,0,15,1000000,446,416,412,3,20,,,46,,
414,mothim,Mothim,Mothim,Moth,ガーメイル,Gamale,ミノガ,4,414,,,,7,3,68,110,9,233,0,45,159,70,3,,0,15,1000000,449,419,412,2,20,,,47,,
415,combee,Combee,Combee,Tiny Bee,ミツハニー,Mitsuhoney,はちのこ,4,415,,,,7,3,118,55,3,55,1,120,63,70,3,,0,15,1059860,450,420,,,,,,53,,
416,vespiquen,Vespiquen,Vespiquen,Beehive,ビークイン,Beequen,はちのす,4,416,,,,7,3,46,127,12,385,8,45,188,70,3,,0,15,1059860,451,421,415,3,21,,,54,,
417,pachirisu,Pachirisu,Pachirisu,EleSquirrel,パチリス,Pachirisu,でんきリス,4,417,,,,13,,50,10,4,39,4,200,120,100,5,6,0,10,1000000,452,422,,,,53,,55,,
418,buizel,Buizel,Buizel,Sea Weasel,ブイゼル,Buoysel,うみイタチ,4,418,,,,11,,33,41,7,295,4,190,75,70,2,5,0,20,1000000,453,423,,,,,,56,,
419,floatzel,Floatzel,Floatzel,Sea Weasel,フローゼル,Flowsel,うみイタチ,4,419,,,,11,,33,41,11,335,4,75,178,70,2,5,0,20,1000000,454,424,418,1,26,,,57,,
420,cherubi,Cherubi,Cherubi,Cherry,チェリンボ,Cherinbo,さくらんぼ,4,420,,,,12,,34,,4,33,4,190,68,70,6,7,0,20,1000000,455,425,,,,,,58,,
421,cherrim,Cherrim,Cherrim,Blossom,チェリム,Cherrim,サクラ,4,421,,,,12,,122,,5,93,4,75,133,70,6,7,0,20,1000000,456,426,420,1,25,,,59,,
422,shellos,Shellos,Shellos,Sea Slug,カラナクシ,Karanakushi,ウミウシ,4,422,,,,11,,60,159,3,63,4,190,73,70,2,11,0,20,1000000,457,427,,,,114,,60,,
423,gastrodon,Gastrodon,Gastrodon,Sea Slug,トリトドン,Tritodon,ウミウシ,4,423,,,,11,5,60,159,9,299,4,75,176,70,2,11,0,20,1000000,458,428,422,1,30,114,,61,,
424,ambipom,Ambipom,Ambipom,Long Tail,エテボース,Eteboth,おなが,4,424,,124,,1,,101,92,12,203,4,45,186,100,5,,0,20,800000,219,429,190,12,458,53,,64,,
425,drifloon,Drifloon,Drifloon,Balloon,フワンテ,Fuwante,ふうせん,4,425,,,,8,3,106,138,4,12,4,125,127,70,11,,0,30,1640000,459,430,,,,84,,65,,
426,drifblim,Drifblim,Drifblim,Blimp,フワライド,Fuwaride,ききゅう,4,426,,,,8,3,106,138,12,150,4,60,204,70,11,,0,30,1640000,460,431,425,1,28,84,,66,,
427,buneary,Buneary,Buneary,Rabbit,ミミロル,Mimirol,うさぎ,4,427,,,,1,,50,7,4,55,4,190,84,0,5,8,0,20,1000000,461,432,,,,103,,67,,
428,lopunny,Lopunny,Lopunny,Rabbit,ミミロップ,Mimilop,うさぎ,4,428,,,,1,,56,7,12,333,4,60,178,140,5,8,0,20,1000000,462,433,427,13,,103,,68,,
429,mismagius,Mismagius,Mismagius,Magical,ムウマージ,Mumargi,マジカル,4,429,,,,8,,26,,9,44,4,45,187,35,11,,0,25,800000,229,434,200,7,49,,,73,,
430,honchkrow,Honchkrow,Honchkrow,Big Boss,ドンカラス,Dongkarasu,おおボス,4,430,,,,17,3,15,153,9,273,4,30,187,35,4,,0,20,1059860,227,435,198,7,49,105,,75,,
431,glameow,Glameow,Glameow,Catty,ニャルマー,Nyarmar,ねこかぶり,4,431,,,,1,,7,51,5,39,6,190,71,70,5,,0,20,800000,463,436,,,,20,,76,,
432,purugly,Purugly,Purugly,Tiger Cat,ブニャット,Bunyatto,とらねこ,4,432,,,,1,,47,128,10,438,6,75,183,70,5,,0,20,800000,464,437,431,1,38,20,,77,,
433,chingling,Chingling,Chingling,Bell,リーシャン,Lisyan,すず,4,433,,,,14,,26,,2,6,4,120,74,70,15,,1,25,800000,389,438,,,,,,82,297,
434,stunky,Stunky,Stunky,Skunk,スカンプー,Skunpoo,スカンク,4,434,,,,4,17,1,51,4,192,4,225,79,70,5,,0,20,1000000,465,439,,,,106,,84,,
435,skuntank,Skuntank,Skuntank,Skunk,スカタンク,Skutank,スカンク,4,435,,,,4,17,1,51,10,380,4,60,209,70,5,,0,20,1000000,466,440,434,1,34,106,,85,,
436,bronzor,Bronzor,Bronzor,Bronze,ドーミラー,Dohmirror,せいどう,4,436,,,,9,14,26,134,5,605,-1,255,72,70,10,,0,20,1000000,467,441,,,,85,,88,,
437,bronzong,Bronzong,Bronzong,Bronze Bell,ドータクン,Dohtakun,どうたく,4,437,,,,9,14,26,134,13,1870,-1,90,188,70,10,,0,20,1000000,468,442,436,1,33,85,,89,,
438,bonsly,Bonsly,Bonsly,Bonsai,ウソハチ,Usohachi,ぼんさい,4,438,,,,6,,5,155,5,150,4,255,68,70,15,,1,20,1000000,213,443,,,,69,,92,292,
439,mime-jr,Mime Jr.,Mime Jr.,Mime,マネネ,Manene,マイム,4,439,,,,14,,43,101,6,130,4,145,78,70,15,,1,25,1000000,139,444,,,,111,,94,291,
440,happiny,Happiny,Happiny,Playhouse,ピンプク,Pinpuku,ままごと,4,440,,,,1,,30,132,6,244,8,130,255,140,15,,1,40,800000,126,445,,,,32,,96,296,
441,chatot,Chatot,Chatot,Music Note,ペラップ,Perap,おんぷ,4,441,,,,1,3,51,145,5,19,4,30,107,35,4,,0,20,1059860,469,446,,,,77,,102,,
442,spiritomb,Spiritomb,Spiritomb,Forbidden,ミカルゲ,Mikaruge,ふういん,4,442,,,,8,17,46,151,10,1080,4,100,168,70,11,,0,30,1000000,470,447,,,,,,108,,
443,gible,Gible,Gible,Land Shark,フカマル,Fukamaru,りくザメ,4,443,,,,16,5,8,24,7,205,4,45,67,70,1,14,0,40,1250000,471,448,,,,,,109,,
444,gabite,Gabite,Gabite,Cave,ガバイト,Gabite,ほらあな,4,444,,,,16,5,8,24,14,560,4,45,144,70,1,14,0,40,1250000,472,449,443,1,24,,,110,,
445,garchomp,Garchomp,Garchomp,Mach,ガブリアス,Gablias,マッハ,4,445,,,,16,5,8,24,19,950,4,45,218,70,1,14,0,40,1250000,473,450,444,1,48,,,111,,
446,munchlax,Munchlax,Munchlax,Big Eater,ゴンベ,Gonbe,おおぐい,4,446,,,,1,,53,82,6,1050,1,50,94,70,15,,1,40,1250000,173,451,,,,47,,112,293,
447,riolu,Riolu,Riolu,Emanation,リオル,Riolu,はもん,4,447,,,,2,,80,158,7,202,1,75,72,70,15,,1,25,1059860,474,452,,,,39,,115,,
448,lucario,Lucario,Lucario,Aura,ルカリオ,Lucario,はどう,4,448,,,,2,9,80,154,12,540,1,45,204,70,5,8,0,25,1059860,475,453,447,14,,39,,116,,
449,hippopotas,Hippopotas,Hippopotas,Hippo,ヒポポタス,Hipopotas,カバ,4,449,,,,5,,45,159,8,495,4,140,95,70,5,,0,30,1250000,476,454,,,,,,122,,
450,hippowdon,Hippowdon,Hippowdon,Heavyweight,カバルドン,Kabarudon,じゅうりょう,4,450,,,,5,,45,159,20,3000,4,60,198,70,5,,0,30,1250000,477,455,449,1,34,,,123,,
451,skorupi,Skorupi,Skorupi,Scorpion,スコルピ,Scorpi,さそり,4,451,,,,4,7,4,51,8,120,4,120,114,70,3,9,0,20,1250000,478,456,,,,97,,127,,
452,drapion,Drapion,Drapion,Ogre Scorp,ドラピオン,Dorapion,ばけさそり,4,452,,,,4,17,4,51,13,615,4,45,204,70,3,9,0,20,1250000,479,457,451,1,40,97,,128,,
453,croagunk,Croagunk,Croagunk,Toxic Mouth,グレッグル,Gureggru,どくづき,4,453,,,,4,2,107,143,7,230,4,140,83,100,8,,0,10,1000000,480,458,,,,87,,129,,
454,toxicroak,Toxicroak,Toxicroak,Toxic Mouth,ドクロッグ,Dokurog,どくづき,4,454,,,,4,2,107,143,13,444,4,75,181,70,8,,0,20,1000000,481,459,453,1,37,87,,130,,
455,carnivine,Carnivine,Carnivine,Bug Catcher,マスキッパ,Muskippa,むしとり,4,455,,,,12,,26,,14,270,4,200,164,70,7,,0,25,1250000,482,460,,,,,,131,,
456,finneon,Finneon,Finneon,Wing Fish,ケイコウオ,Keikouo,はねうお,4,456,,,,11,,33,41,4,70,4,190,90,70,12,,0,20,600000,483,461,,,,114,,134,,
457,lumineon,Lumineon,Lumineon,Neon,ネオラント,Neolant,ネオン,4,457,,,,11,,33,41,12,240,4,75,156,70,12,,0,20,600000,484,462,456,1,31,114,,135,,
458,mantyke,Mantyke,Mantyke,Kite,タマンタ,Tamanta,カイト,4,458,,,,11,3,33,41,10,650,4,25,108,70,15,,1,25,1250000,257,463,,,,11,,140,294,
459,snover,Snover,Snover,Frost Tree,ユキカブリ,Yukikaburi,じゅひょう,4,459,,,,12,15,117,43,10,505,4,120,131,70,1,7,0,20,1250000,485,464,,,,,,142,,
460,abomasnow,Abomasnow,Abomasnow,Frost Tree,ユキノオー,Yukinooh,じゅひょう,4,460,,,,12,15,117,43,22,1355,4,60,214,70,1,7,0,20,1250000,486,465,459,1,40,,,143,,
461,weavile,Weavile,Weavile,Sharp Claw,マニューラ,Manyula,かぎづめ,4,461,,,,17,15,46,124,11,340,4,45,199,35,5,,0,20,1059860,245,466,215,11,171,,,145,,
462,magnezone,Magnezone,Magnezone,Magnet Area,ジバコイル,Jibacoil,じば,4,462,,,,13,9,42,148,12,1800,-1,30,211,70,10,,0,20,1000000,90,467,82,4,1,5,,180,,
463,lickilicky,Lickilicky,Lickilicky,Licking,ベロベルト,Berobelt,なめまわし,4,463,,181,,1,,20,13,17,1400,4,30,193,70,1,,0,20,1000000,120,468,108,12,205,12,,162,,
464,rhyperior,Rhyperior,Rhyperior,Drill,ドサイドン,Dosidon,ドリル,4,464,,,,5,6,31,120,24,2828,4,30,217,70,1,5,0,20,1250000,125,469,112,6,167,116,,188,,
465,tangrowth,Tangrowth,Tangrowth,Vine,モジャンボ,Mojumbo,ツルじょう,4,465,,183,,12,,34,144,20,1286,4,30,211,70,7,,0,20,1000000,130,470,114,12,246,102,,182,,
466,electivire,Electivire,Electivire,Thunderbolt,エレキブル,Elekible,らいでん,4,466,,,,13,,78,72,18,1386,2,30,199,70,8,,0,25,1000000,147,471,125,6,163,,,199,,
467,magmortar,Magmortar,Magmortar,Blast,ブーバーン,Booburn,ばくえん,4,467,,,,10,,49,72,16,680,2,30,199,70,8,,0,25,1000000,150,472,126,6,165,,,202,,
468,togekiss,Togekiss,Togekiss,Jubilee,トゲキッス,Togekiss,しゅくふく,4,468,,,,1,3,55,105,15,380,1,30,220,70,4,6,0,10,800000,204,473,176,7,48,32,,175,,
469,yanmega,Yanmega,Yanmega,Ogre Darner,メガヤンマ,Megayanma,オニトンボ,4,469,,102,,7,3,3,119,19,515,4,30,198,70,3,,0,20,1000000,223,474,193,12,246,110,,184,,
470,leafeon,Leafeon,Leafeon,Verdant,リーフィア,Leafia,しんりょく,4,470,,,,12,,102,34,10,255,1,45,196,35,5,,0,35,1000000,163,475,133,4,2,,,169,,
471,glaceon,Glaceon,Glaceon,Fresh Snow,グレイシア,Glacia,しんせつ,4,471,,,,15,,81,115,8,259,1,45,196,35,5,,0,35,1000000,164,476,133,4,3,,,170,,
472,gliscor,Gliscor,Gliscor,Fang Scorp,グライオン,Glion,キバさそり,4,472,,,,5,3,52,90,20,425,4,30,192,70,3,,0,20,1059860,238,477,207,11,172,8,,154,,
473,mamoswine,Mamoswine,Mamoswine,Twin Tusk,マンムー,Mammoo,2ほんキバ,4,473,,197,,15,5,12,47,25,2910,4,50,207,70,5,,0,20,1250000,252,478,221,12,246,81,,205,,
474,porygon-z,Porygon-Z,Porygon-Z,Virtual,ポリゴンＺ,PorygonZ,バーチャル,4,474,,,,1,,91,148,9,340,-1,30,185,70,10,,0,20,1000000,167,479,233,6,162,88,,194,,
475,gallade,Gallade,Gallade,Blade,エルレイド,Erlade,やいば,4,475,,,,14,2,80,154,16,520,0,45,208,35,11,,0,20,1250000,307,480,281,8,50,,,160,,
476,probopass,Probopass,Probopass,Compass,ダイノーズ,Dainose,コンパス,4,476,,,,6,9,5,159,14,3400,4,60,198,70,10,,0,20,1000000,324,481,299,4,1,42,,156,,
477,dusknoir,Dusknoir,Dusknoir,Gripper,ヨノワール,Yonoir,てづかみ,4,477,,,,8,,46,,22,1066,4,45,210,35,11,,0,25,800000,387,482,356,6,168,,,191,,
478,froslass,Froslass,Froslass,Snow Land,ユキメノコ,Yukimenoko,ゆきぐに,4,478,,,,15,8,81,130,13,266,8,75,187,70,6,10,0,20,1000000,394,483,361,9,50,,,208,,
479,rotom,Rotom,Rotom,Plasma,ロトム,Rotom,プラズマ,4,479,,,,13,8,26,,3,3,-1,45,132,70,11,,0,20,1000000,487,484,,,,,,152,,
480,uxie,Uxie,Uxie,Knowledge,ユクシー,Yuxie,ちしき,4,480,,,,14,,26,,3,3,-1,3,210,140,15,,0,80,1250000,493,490,,,,,,146,,
481,mesprit,Mesprit,Mesprit,Emotion,エムリット,Emrit,かんじょう,4,481,,,,14,,26,,3,3,-1,3,210,140,15,,0,80,1250000,494,491,,,,,,147,,
482,azelf,Azelf,Azelf,Willpower,アグノム,Agnome,いし,4,482,,,,14,,26,,3,3,-1,3,210,140,15,,0,80,1250000,495,492,,,,,,148,,
483,dialga,Dialga,Dialga,Temporal,ディアルガ,Dialga,じかん,4,483,,,,9,16,46,140,54,6830,-1,30,220,0,15,,0,120,1250000,496,493,,,,,,149,,
484,palkia,Palkia,Palkia,Spatial,パルキア,Palkia,くうかん,4,484,,,,11,16,46,140,42,3360,-1,30,220,0,15,,0,120,1250000,497,494,,,,,,150,,
485,heatran,Heatran,Heatran,Lava Dome,ヒードラン,Heatran,かこう,4,485,,,,10,9,18,49,17,4300,4,3,215,100,15,,0,10,1250000,498,495,,,,,,,,
486,regigigas,Regigigas,Regigigas,Colossal,レジギガス,Regigigas,きょだい,4,486,,,,1,,112,,37,4200,-1,3,220,0,15,,0,120,1250000,499,496,,,,,,,,
487,giratina,Giratina,Giratina,Renegade,ギラティナ,Giratina,はんこつ,4,487,,,,8,16,46,140,45,7500,-1,3,220,0,15,,0,120,1250000,500,497,,,,,,210,,
488,cresselia,Cresselia,Cresselia,Lunar,クレセリア,Creselia,みかづき,4,488,,,,14,,26,,15,856,8,3,210,100,15,,0,120,1250000,502,499,,,,,,,,
489,phione,Phione,Phione,Sea Drifter,フィオネ,Phione,かいよう,4,489,,,,11,,93,,4,31,-1,30,165,70,2,6,0,40,1250000,503,500,,,,,,,,
490,manaphy,Manaphy,Manaphy,Seafaring,マナフィ,Manaphy,かいゆう,4,490,,,,11,,93,,3,14,-1,3,215,70,2,6,0,10,1250000,504,501,489,,,,,151,,
491,darkrai,Darkrai,Darkrai,Pitch-Black,ダークライ,Darkrai,あんこく,4,491,,,,17,,123,,15,505,-1,3,210,0,15,,0,120,1250000,505,502,,,,,,,,
492,shaymin,Shaymin,Shaymin,Gratitude,シェイミ,Shaymin,かんしゃ,4,492,,,,12,,30,,2,21,-1,45,64,100,15,,0,120,1059860,506,503,,,,,,,,
493,arceus,Arceus,Arceus,Alpha,アルセウス,Arceus,そうぞう,4,493,,,,1,,121,,32,3200,-1,3,255,0,15,,0,120,1250000,508,505,,,,,,,,
494,victini,Victini,Victini,Victory,ビクティニ,Victini,しょうり,5,494,,,,14,10,162,,4,40,-1,3,270,100,15,,0,120,1250000,509,,,,,,,,,0
495,snivy,Snivy,Snivy,Grass Snake,ツタージャ,Tsutarja,くさへび,5,495,,,,12,,65,126,6,81,1,45,28,70,5,7,0,20,1059860,510,,,,,,,,,1
496,servine,Servine,Servine,Grass Snake,ジャノビー,Janovy,くさへび,5,496,,,,12,,65,126,8,160,1,45,145,70,5,7,0,20,1059860,511,,495,1,17,,,,,2
497,serperior,Serperior,Serperior,Regal,ジャローダ,Jalorda,ロイヤル,5,497,,,,12,,65,126,33,630,1,45,238,70,5,7,0,20,1059860,512,,496,1,36,,,,,3
498,tepig,Tepig,Tepig,Fire Pig,ポカブ,Pokabu,ひぶた,5,498,,,,10,,66,47,5,99,1,45,28,70,5,,0,20,1059860,513,,,,,,,,,4
499,pignite,Pignite,Pignite,Fire Pig,チャオブー,Chaoboo,ひぶた,5,499,,,,10,2,66,47,10,555,1,45,146,70,5,,0,20,1059860,514,,498,1,17,,,,,5
500,emboar,Emboar,Emboar,Mega Fire Pig,エンブオー,Enbuoh,おおひぶた,5,500,,,,10,2,66,120,16,1500,1,45,238,70,5,,0,20,1059860,515,,499,1,36,,,,,6
501,oshawott,Oshawott,Oshawott,Sea Otter,ミジュマル,Mijumaru,ラッコ,5,501,,,,11,,67,75,5,59,1,45,28,70,5,,0,20,1059860,516,,,,,,,,,7
502,dewott,Dewott,Dewott,Discipline,フタチマル,Futachimaru,ラッコ,5,502,,,,11,,67,75,8,245,1,45,145,70,5,,0,20,1059860,517,,501,1,17,,,,,8
503,samurott,Samurott,Samurott,Formidable,ダイケンキ,Daikenki,かんろく,5,503,,,,11,,67,75,15,946,1,45,238,70,5,,0,20,1059860,518,,502,1,36,,,,,9
504,patrat,Patrat,Patrat,Scout,ミネズミ,Minezumi,みはり,5,504,,,,1,,50,148,5,116,4,255,51,70,5,,0,15,1000000,519,,,,,51,,,,10
505,watchog,Watchog,Watchog,Lookout,ミルホッグ,Miruhog,けいかい,5,505,,,,1,,35,148,11,270,4,255,147,70,5,,0,20,1000000,520,,504,1,20,51,,,,11
506,lillipup,Lillipup,Lillipup,Puppy,ヨーテリー,Yorterry,こいぬ,5,506,,,,1,,72,50,4,41,4,255,55,70,5,,0,15,1059860,521,,,,,53,,,,12
507,herdier,Herdier,Herdier,Loyal Dog,ハーデリア,Haderia,ちゅうけん,5,507,,,,1,,22,113,9,147,4,120,130,70,5,,0,15,1059860,522,,506,1,16,146,,,,13
508,stoutland,Stoutland,Stoutland,Big-Hearted,ムーランド,Murando,かんだい,5,508,,,,1,,22,113,12,610,4,45,221,70,5,,0,15,1059860,523,,507,1,32,146,,,,14
509,purrloin,Purrloin,Purrloin,Devious,チョロネコ,Choroneko,しょうわる,5,509,,,,17,,7,158,4,101,4,255,56,70,5,,0,20,1000000,524,,,,,84,,,,15
510,liepard,Liepard,Liepard,Cruel,レパルダス,Lepardas,れいこく,5,510,,,,17,,7,158,11,375,4,90,156,70,5,,0,20,1000000,525,,509,1,20,84,,,,16
511,pansage,Pansage,Pansage,Grass Monkey,ヤナップ,Yanappu,くさざる,5,511,,,,12,,82,65,6,105,1,190,63,70,5,,0,20,1000000,526,,,,,,,,,17
512,simisage,Simisage,Simisage,Thorn Monkey,ヤナッキー,Yanakkie,とげざる,5,512,,,,12,,82,65,11,305,1,75,174,70,5,,0,20,1000000,527,,511,7,45,,,,,18
513,pansear,Pansear,Pansear,High Temp,バオップ,Baoppu,こうおん,5,513,,,,10,,82,66,6,110,1,190,63,70,5,,0,20,1000000,528,,,,,,,,,19
514,simisear,Simisear,Simisear,Ember,バオッキー,Baokkie,ひのこ,5,514,,,,10,,82,66,10,280,1,75,174,70,5,,0,20,1000000,529,,513,7,42,,,,,20
515,panpour,Panpour,Panpour,Spray,ヒヤップ,Hiyappu,みずかけ,5,515,,,,11,,82,67,6,135,1,190,63,70,5,,0,20,1000000,530,,,,,,,,,21
516,simipour,Simipour,Simipour,Geyser,ヒヤッキー,Hiyakkie,ほうすい,5,516,,,,11,,82,67,10,290,1,75,174,70,5,,0,20,1000000,531,,515,7,43,,,,,22
517,munna,Munna,Munna,Dream Eater,ムンナ,Munna,ゆめくい,5,517,,,,14,,108,140,6,233,4,190,58,70,5,,0,10,800000,532,,,,,28,,,,23
518,musharna,Musharna,Musharna,Drowsing,ムシャーナ,Musharna,ゆめうつつ,5,518,,,,14,,108,140,11,605,4,75,170,70,5,,0,10,800000,533,,517,7,46,28,,,,24
519,pidove,Pidove,Pidove,Tiny Pigeon,マメパト,Mamepato,こばと,5,519,,,,1,3,145,79,3,21,4,255,53,70,4,,0,15,1059860,534,,,,,105,,,,25
520,tranquill,Tranquill,Tranquill,Wild Pigeon,ハトーボー,Hatoboh,のばと,5,520,,,,1,3,145,79,6,150,4,120,125,70,4,,0,15,1059860,535,,519,1,21,105,,,,26
521,unfezant,Unfezant,Unfezant,Proud,ケンホロウ,Kenhorou,プライド,5,521,,,,1,3,145,79,12,290,4,45,215,70,4,,0,15,1059860,536,,520,1,32,105,,,,27
522,blitzle,Blitzle,Blitzle,Electrified,シママ,Shimama,たいでん,5,522,,,,13,,31,157,8,298,4,190,59,70,5,,0,20,1000000,537,,,,,78,,,,28
523,zebstrika,Zebstrika,Zebstrika,Thunderbolt,ゼブライカ,Zebraika,らいでん,5,523,,,,13,,31,157,16,795,4,75,174,70,5,,0,20,1000000,538,,522,1,27,78,,,,29
524,roggenrola,Roggenrola,Roggenrola,Mantle,ダンゴロ,Dangoro,マントル,5,524,,,,6,,5,159,4,180,4,255,56,70,10,,0,15,1059860,539,,,,,,,,,30
525,boldore,Boldore,Boldore,Ore,ガントル,Gantoru,こうせき,5,525,,,,6,,5,159,9,1020,4,120,137,70,10,,0,15,1059860,540,,524,1,25,,,,,31
526,gigalith,Gigalith,Gigalith,Compressed,ギガイアス,Gigaiath,こうあつ,5,526,,,,6,,5,159,17,2600,4,45,227,70,10,,0,15,1059860,541,,525,5,,,,,,32
527,woobat,Woobat,Woobat,Bat,コロモリ,Koromori,こうもり,5,527,,,,14,3,109,86,4,21,4,190,63,70,4,5,0,15,1000000,542,,,,,103,,,,33
528,swoobat,Swoobat,Swoobat,Courting,ココロモリ,Kokoromori,きゅうあい,5,528,,,,14,3,109,86,9,105,4,45,149,70,4,5,0,15,1000000,543,,527,13,,103,,,,34
529,drilbur,Drilbur,Drilbur,Mole,モグリュー,Mogurew,もぐら,5,529,,,,5,,146,104,3,85,4,120,66,70,5,,0,20,1000000,544,,,,,159,,,,35
530,excadrill,Excadrill,Excadrill,Subterrene,ドリュウズ,Doryuzu,ちてい,5,530,,,,5,9,146,104,7,404,4,60,178,70,5,,0,20,1000000,545,,529,1,31,159,,,,36
531,audino,Audino,Audino,Hearing,タブンネ,Tabunne,ヒヤリング,5,531,,,,1,,131,103,11,310,4,255,390,70,6,,0,20,800000,546,,,,,144,,,,37
532,timburr,Timburr,Timburr,Muscular,ドッコラー,Dokkorā,きんこつ,5,532,,,,2,,62,89,6,125,2,180,61,70,8,,0,20,1059860,547,,,,,125,,,,38
533,gurdurr,Gurdurr,Gurdurr,Muscular,ドテッコツ,Dotekkotsu,きんこつ,5,533,,,,2,,62,89,12,400,2,90,142,70,8,,0,20,1059860,548,,532,1,25,125,,,,39
534,conkeldurr,Conkeldurr,Conkeldurr,Muscular,ローブシン,Roobushin,きんこつ,5,534,,,,2,,62,89,14,870,2,45,227,70,8,,0,20,1059860,549,,533,5,,125,,,,40
535,tympole,Tympole,Tympole,Tadpole,オタマロ,Otamaro,おたま,5,535,,,,11,,33,11,5,45,4,255,59,70,2,,0,20,1059860,550,,,,,93,,,,41
536,palpitoad,Palpitoad,Palpitoad,Vibration,ガマガル,Gamagaru,しんどう,5,536,,,,11,5,33,11,8,170,4,120,134,70,2,,0,20,1059860,551,,535,1,25,93,,,,42
537,seismitoad,Seismitoad,Seismitoad,Vibration,ガマゲロゲ,Gamageroge,しんどう,5,537,,,,11,5,33,11,15,620,4,45,225,70,2,,0,20,1059860,552,,536,1,36,143,,,,43
538,throh,Throh,Throh,Judo,ナゲキ,Nageki,じゅうどう,5,538,,,,2,,62,104,13,555,0,45,163,70,8,,0,20,1000000,553,,,,,39,,,,44
539,sawk,Sawk,Sawk,Karate,ダゲキ,Dageki,からて,5,539,,,,2,,5,104,14,510,0,45,163,70,8,,0,20,1000000,554,,,,,39,,,,45
540,sewaddle,Sewaddle,Sewaddle,Sewing,クルミル,Kurumiru,さいほう,5,540,,,,7,12,68,142,3,25,4,255,62,70,3,,0,15,1059860,555,,,,,34,,,,46
541,swadloon,Swadloon,Swadloon,Leaf-Wrapped,クルマユ,Kurumayu,はごもり,5,541,,,,7,12,102,142,5,73,4,120,133,70,3,,0,15,1059860,556,,540,1,20,34,,,,47
542,leavanny,Leavanny,Leavanny,Nurturing,ハハコモリ,Hahakomori,こそだて,5,542,,,,7,12,68,142,12,205,4,45,221,70,3,,0,15,1059860,557,,541,13,,34,,,,48
543,venipede,Venipede,Venipede,Centipede,フシデ,Fushide,ムカデ,5,543,,,,7,4,38,95,4,53,4,255,52,70,3,,0,15,1059860,558,,,,,68,,,,49
544,whirlipede,Whirlipede,Whirlipede,Curlipede,ホイーガ,Hoiiga,まゆムカデ,5,544,,,,7,4,38,95,12,585,4,120,126,70,3,,0,15,1059860,559,,543,1,22,68,,,,50
545,scolipede,Scolipede,Scolipede,Megapede,ペンドラー,Pendror,メガムカデ,5,545,,,,7,4,38,95,25,2005,4,45,214,70,3,,0,20,1059860,560,,544,1,30,68,,,,51
546,cottonee,Cottonee,Cottonee,Cotton Puff,モンメン,Monmen,わたたま,5,546,,,,12,,158,34,3,6,4,190,56,70,6,7,0,20,1000000,561,,,,,151,,,,52
547,whimsicott,Whimsicott,Whimsicott,Windveiled,エルフーン,Elfuun,わたくさ,5,547,,,,12,,158,34,7,66,4,75,168,70,6,7,0,20,1000000,562,,546,7,47,151,,,,53
548,petilil,Petilil,Petilil,Bulb,チュリネ,Churine,ねっこ,5,548,,,,12,,34,102,5,66,8,190,56,70,7,,0,20,1000000,563,,,,,20,,,,54
549,lilligant,Lilligant,Lilligant,Flowering,ドレディア,Doredia,はなかざり,5,549,,,,12,,34,102,11,163,8,75,168,70,7,,0,20,1000000,564,,548,7,47,20,,,,55
550,basculin,Basculin,Basculin,Hostile,バスラオ,Basslao,らんぼう,5,550,,,,11,,120,104,10,180,4,25,161,70,12,,0,40,1000000,565,,,,,91,,,,56
551,sandile,Sandile,Sandile,Desert Croc,メグロコ,Meguroco,さばくワニ,5,551,,,,5,17,22,83,7,152,4,180,58,70,5,,0,20,1059860,567,,,,,153,,,,57
552,krokorok,Krokorok,Krokorok,Desert Croc,ワルビル,Waruvile,さばくワニ,5,552,,,,5,17,22,83,10,334,4,90,123,70,5,,0,20,1059860,568,,551,1,29,153,,,,58
553,krookodile,Krookodile,Krookodile,Intimidation,ワルビアル,Waruvial,いかく,5,553,,,,5,17,22,83,15,963,4,45,229,70,5,,0,20,1059860,569,,552,1,40,153,,,,59
554,darumaka,Darumaka,Darumaka,Zen Charm,ダルマッカ,Darumakka,だるま,5,554,,,,10,,55,39,6,375,4,120,63,70,5,,0,20,1059860,570,,,,,,,,,60
555,darmanitan,Darmanitan,Darmanitan,Blazing,ヒヒダルマ,Hihidaruma,えんじょう,5,555,,,,10,,125,161,13,929,4,60,168,70,5,,0,20,1059860,571,,554,1,35,,,,,61
556,maractus,Maractus,Maractus,Cactus,マラカッチ,Maracacchi,サボテン,5,556,,,,12,,11,114,10,280,4,255,161,70,7,,0,20,1000000,573,,,,,34,,,,62
557,dwebble,Dwebble,Dwebble,Rock Inn,イシズマイ,Ishizumai,いしやど,5,557,,,,7,6,5,133,3,145,4,190,65,70,3,10,0,20,1000000,574,,,,,75,,,,63
558,crustle,Crustle,Crustle,Stone Home,イワパレス,Iwaparesu,いわやど,5,558,,,,7,6,5,133,14,2000,4,75,166,70,3,10,0,20,1000000,575,,557,1,34,75,,,,64
559,scraggy,Scraggy,Scraggy,Shedding,ズルッグ,Zuruggu,だっぴ,5,559,,,,17,2,61,22,6,118,4,180,70,35,5,14,0,15,1000000,576,,,,,153,,,,65
560,scrafty,Scrafty,Scrafty,Hoodlum,ズルズキン,Zuruzukin,あくとう,5,560,,,,17,2,61,22,11,300,4,90,171,70,5,14,0,15,1000000,577,,559,1,39,153,,,,66
561,sigilyph,Sigilyph,Sigilyph,Avianoid,シンボラー,Symboler,とりもどき,5,561,,,,14,3,147,110,14,140,4,45,172,70,4,,0,20,1000000,578,,,,,98,,,,67
562,yamask,Yamask,Yamask,Spirit,デスマス,Desumasu,たましい,5,562,,,,8,,152,,5,15,4,190,61,70,10,11,0,25,1000000,579,,,,,,,,,68
563,cofagrigus,Cofagrigus,Cofagrigus,Coffin,デスカーン,Desukarn,かんおけ,5,563,,,,8,,152,,17,765,4,90,169,70,10,11,0,25,1000000,580,,562,1,34,,,,,69
564,tirtouga,Tirtouga,Tirtouga,Prototurtle,プロトーガ,Purotoga,こだいがめ,5,564,,,,11,6,116,33,7,165,1,45,71,70,2,9,0,30,1000000,581,,,,,5,,,,70
565,carracosta,Carracosta,Carracosta,Prototurtle,アバゴーラ,Abagoura,こだいがめ,5,565,,,,11,6,116,33,12,810,1,45,173,70,2,9,0,30,1000000,582,,564,1,37,5,,,,71
566,archen,Archen,Archen,First Bird,アーケン,Archen,さいこどり,5,566,,,,6,3,129,,5,95,1,45,71,70,4,9,0,30,1000000,583,,,,,,,,,72
567,archeops,Archeops,Archeops,First Bird,アーケオス,Archeos,さいこどり,5,567,,,,6,3,129,,14,320,1,45,177,70,4,9,0,30,1000000,584,,566,1,37,,,,,73
568,trubbish,Trubbish,Trubbish,Trash Bag,ヤブクロン,Yabukuron,ゴミぶくろ,5,568,,,,4,,1,106,6,310,4,190,66,70,10,,0,20,1000000,585,,,,,60,,,,74
569,garbodor,Garbodor,Garbodor,Trash Heap,ダストダス,Dasutodasu,ゴミすてば,5,569,,,,4,,1,106,19,1073,4,60,166,70,10,,0,20,1000000,586,,568,1,36,133,,,,75
570,zorua,Zorua,Zorua,Tricky Fox,ゾロア,Zorua,わるぎつね,5,570,,,,17,,149,,7,125,1,75,66,70,5,,0,25,1059860,587,,,,,,,,,76
571,zoroark,Zoroark,Zoroark,Illusion Fox,ゾロアーク,Zoroark,ばけぎつね,5,571,,,,17,,149,,16,811,1,45,179,70,5,,0,20,1059860,588,,570,1,30,,,,,77
572,minccino,Minccino,Minccino,Chinchilla,チラーミィ,Chillarmy,チンチラ,5,572,,,,1,,56,92,4,58,6,255,60,70,5,,0,15,800000,589,,,,,101,,,,78
573,cinccino,Cinccino,Cinccino,Scarf,チラチーノ,Chillaccino,スカーフ,5,573,,,,1,,56,92,5,75,6,60,165,70,5,,0,15,800000,590,,572,7,48,101,,,,79
574,gothita,Gothita,Gothita,Fixation,ゴチム,Gothimu,ぎょうし,5,574,,,,14,,119,23,4,58,6,200,58,70,8,,0,20,1059860,591,,,,,,,,,80
575,gothorita,Gothorita,Gothorita,Manipulate,ゴチミル,Gochimiru,あやつり,5,575,,,,14,,119,23,7,180,6,100,137,70,8,,0,20,1059860,592,,574,1,32,,,,,81
576,gothitelle,Gothitelle,Gothitelle,Astral Body,ゴチルゼル,Gothiruselle,てんたい,5,576,,,,14,,119,23,15,440,6,50,221,70,8,,0,20,1059860,593,,575,1,41,,,,,82
577,solosis,Solosis,Solosis,Cell,ユニラン,Uniran,さいぼう,5,577,,,,14,,142,144,3,10,4,200,58,70,11,,0,20,1059860,594,,,,,98,,,,83
578,duosion,Duosion,Duosion,Mitosis,ダブラン,Daburan,ぶんかつ,5,578,,,,14,,142,144,6,80,4,100,130,70,11,,0,20,1059860,595,,577,1,32,98,,,,84
579,reuniclus,Reuniclus,Reuniclus,Multiplying,ランクルス,Lanculus,ぞうふく,5,579,,,,14,,142,144,10,201,4,50,221,70,11,,0,20,1059860,596,,578,1,41,98,,,,85
580,ducklett,Ducklett,Ducklett,Water Bird,コアルヒー,Koaruhie,みずどり,5,580,,,,11,3,51,93,5,55,4,190,61,70,2,4,0,20,1000000,597,,,,,145,,,,86
581,swanna,Swanna,Swanna,White Bird,スワンナ,Swanna,しらとり,5,581,,,,11,3,51,93,13,242,4,45,166,70,2,4,0,20,1000000,598,,580,1,35,145,,,,87
582,vanillite,Vanillite,Vanillite,Fresh Snow,バニプッチ,Vanipeti,しんせつ,5,582,,,,15,,115,133,4,57,4,255,61,70,10,,0,20,1250000,599,,,,,,,,,88
583,vanillish,Vanillish,Vanillish,Icy Snow,バニリッチ,Baniricchi,ひょうせつ,5,583,,,,15,,115,133,11,410,4,120,138,70,10,,0,20,1250000,600,,582,1,35,,,,,89
584,vanilluxe,Vanilluxe,Vanilluxe,Snowstorm,バイバニラ,Baibanira,ブリザード,5,584,,,,15,,115,133,13,575,4,45,241,70,10,,0,20,1250000,601,,583,1,47,,,,,90
585,deerling,Deerling,Deerling,Season,シキジカ,Shikijika,きせつ,5,585,,,,1,12,34,32,6,195,4,190,67,70,5,,0,20,1000000,602,,,,,157,,,,91
586,sawsbuck,Sawsbuck,Sawsbuck,Season,メブキジカ,Mebukijika,きせつ,5,586,,,,1,12,34,32,19,925,4,75,166,70,5,,0,20,1000000,603,,585,1,34,157,,,,92
587,emolga,Emolga,Emolga,Sky Squirrel,エモンガ,Emonga,モモンガ,5,587,,,,13,3,9,78,4,50,4,200,150,70,5,,0,20,1000000,604,,,,,,,,,93
588,karrablast,Karrablast,Karrablast,Clamping,カブルモ,Kaburumo,かぶりつき,5,588,,,,7,,68,99,5,59,4,200,63,70,3,,0,15,1000000,605,,,,,61,,,,94
589,escavalier,Escavalier,Escavalier,Cavalry,シュバルゴ,Chevargo,きへい,5,589,,,,7,9,68,142,10,330,4,75,173,70,3,,0,15,1000000,606,,588,22,616,75,,,,95
590,foongus,Foongus,Foongus,Mushroom,タマゲタケ,Tamagetake,きのこ,5,590,,,,12,4,27,144,2,10,4,190,59,70,7,,0,20,1000000,607,,,,,,,,,96
591,amoonguss,Amoonguss,Amoonguss,Mushroom,モロバレル,Morobareru,きのこ,5,591,,,,12,4,27,144,6,105,4,75,162,70,7,,0,20,1000000,608,,590,1,39,,,,,97
592,frillish,Frillish,Frillish,Floating,プルリル,Pururiru,ふゆう,5,592,,,,11,8,11,6,12,330,4,190,67,70,11,,0,20,1000000,609,,,,,130,,,,98
593,jellicent,Jellicent,Jellicent,Floating,ブルンゲル,Burungel,ふゆう,5,593,,,,11,8,11,6,22,1350,4,60,168,70,11,,0,20,1000000,610,,592,1,40,130,,,,99
594,alomomola,Alomomola,Alomomola,Caring,ママンボウ,Mamanbou,かいほう,5,594,,,,11,,131,144,12,316,4,75,165,70,2,12,0,40,800000,611,,,,,93,,,,100
595,joltik,Joltik,Joltik,Attaching,バチュル,Bachuru,くっつき,5,595,,,,7,13,14,68,1,6,4,190,64,70,3,,0,20,1000000,612,,,,,127,,,,101
596,galvantula,Galvantula,Galvantula,EleSpider,デンチュラ,Dentula,でんきグモ,5,596,,,,7,13,14,68,8,143,4,75,165,70,3,,0,20,1000000,613,,595,1,36,127,,,,102
597,ferroseed,Ferroseed,Ferroseed,Thorn Seed,テッシード,Tesshido,とげのみ,5,597,,,,12,9,160,,6,188,4,255,61,70,7,10,0,20,1000000,614,,,,,,,,,103
598,ferrothorn,Ferrothorn,Ferrothorn,Thorn Pod,ナットレイ,Nutrey,とげだま,5,598,,,,12,9,160,,10,1100,4,90,171,70,7,10,0,20,1000000,615,,597,1,40,,,,,104
599,klink,Klink,Klink,Gear,ギアル,Giaru,はぐるま,5,599,,,,9,,57,29,3,210,-1,130,60,70,10,,0,20,1059860,616,,,,,58,,,,105
600,klang,Klang,Klang,Gear,ギギアル,Gigiaru,はぐるま,5,600,,,,9,,57,29,6,510,-1,60,154,70,10,,0,20,1059860,617,,599,1,38,58,,,,106
601,klinklang,Klinklang,Klinklang,Gear,ギギギアル,Gigigiaru,はぐるま,5,601,,,,9,,57,29,6,810,-1,30,234,70,10,,0,20,1059860,618,,600,1,49,58,,,,107
602,tynamo,Tynamo,Tynamo,EleFish,シビシラス,Shibishirasu,でんきうお,5,602,,,,13,,26,,2,3,4,190,55,70,11,,0,20,1250000,619,,,,,,,,,108
603,eelektrik,Eelektrik,Eelektrik,EleFish,シビビール,Shibibiru,でんきうお,5,603,,,,13,,26,,12,220,4,60,142,70,11,,0,20,1250000,620,,602,1,39,,,,,109
604,eelektross,Eelektross,Eelektross,EleFish,シビルドン,Shibirudon,でんきうお,5,604,,,,13,,26,,21,805,4,30,232,70,11,,0,20,1250000,621,,603,7,44,,,,,110
605,elgyem,Elgyem,Elgyem,Cerebral,リグレー,Ligray,ブレイン,5,605,,,,14,,140,148,5,90,4,255,67,70,8,,0,20,1000000,622,,,,,28,,,,111
606,beheeyem,Beheeyem,Beheeyem,Cerebral,オーベム,Oobemu,ブレイン,5,606,,,,14,,140,148,10,345,4,90,170,70,8,,0,20,1000000,623,,605,1,42,28,,,,112
607,litwick,Litwick,Litwick,Candle,ヒトモシ,Hitomoshi,ろうそく,5,607,,,,8,10,18,23,3,31,4,190,55,70,11,,0,20,1059860,624,,,,,49,,,,113
608,lampent,Lampent,Lampent,Lamp,ランプラー,Ranpuraa,ランプ,5,608,,,,8,10,18,23,6,130,4,90,130,70,11,,0,20,1059860,625,,607,1,41,49,,,,114
609,chandelure,Chandelure,Chandelure,Luring,シャンデラ,Chandela,いざない,5,609,,,,8,10,18,23,10,343,4,45,234,70,11,,0,20,1059860,626,,608,7,49,49,,,,115
610,axew,Axew,Axew,Tusk,キバゴ,Kibago,キバ,5,610,,,,16,,79,127,6,180,4,75,64,35,1,14,0,40,1250000,627,,,,,104,,,,116
611,fraxure,Fraxure,Fraxure,Axe Jaw,オノンド,Onondo,あごオノ,5,611,,,,16,,79,127,10,360,4,60,144,35,1,14,0,40,1250000,628,,610,1,38,104,,,,117
612,haxorus,Haxorus,Haxorus,Axe Jaw,オノノクス,Ononokus,あごオノ,5,612,,,,16,,79,127,18,1055,4,45,243,35,1,14,0,40,1250000,629,,611,1,48,104,,,,118
613,cubchoo,Cubchoo,Cubchoo,Chill,クマシュン,Kumasyun,ひょうけつ,5,613,,,,15,,81,155,5,85,4,120,61,70,5,,0,20,1000000,630,,,,,,,,,119
614,beartic,Beartic,Beartic,Freezing,ツンベアー,Tsunbear,とうけつ,5,614,,,,15,,81,33,26,2600,4,60,170,70,5,,0,20,1000000,631,,613,1,37,,,,,120
615,cryogonal,Cryogonal,Cryogonal,Crystallizing,フリージオ,Furiijio,けっしょう,5,615,,,,15,,26,,11,1480,-1,25,170,70,10,,0,25,1000000,632,,,,,,,,,121
616,shelmet,Shelmet,Shelmet,Snail,チョボマキ,Chobomaki,マイマイ,5,616,,,,7,,93,142,4,77,4,200,61,70,3,,0,15,1000000,633,,,,,75,,,,122
617,accelgor,Accelgor,Accelgor,Shell Out,アギルダー,Agilder,からぬけ,5,617,,,,7,,93,84,8,253,4,75,173,70,3,,0,15,1000000,634,,616,22,588,60,,,,123
618,stunfisk,Stunfisk,Stunfisk,Trap,マッギョ,Maggyo,トラップ,5,618,,,,5,13,9,8,7,110,4,75,165,70,2,11,0,20,1000000,635,,,,,7,,,,124
619,mienfoo,Mienfoo,Mienfoo,Martial Arts,コジョフー,Kojofu,ぶじゅつ,5,619,,,,2,,39,120,9,200,4,180,70,70,5,8,0,25,1059860,636,,,,,144,,,,125
620,mienshao,Mienshao,Mienshao,Martial Arts,コジョンド,Kojondo,ぶじゅつ,5,620,,,,2,,39,120,14,355,4,45,179,70,5,8,0,25,1059860,637,,619,1,50,144,,,,126
621,druddigon,Druddigon,Druddigon,Cave,クリムガン,Crimgan,ほらあな,5,621,,,,16,,24,104,16,1390,4,45,170,70,1,14,0,30,1000000,638,,,,,125,,,,127
622,golett,Golett,Golett,Automaton,ゴビット,Gobitto,ゴーレム,5,622,,,,5,8,89,99,10,920,-1,190,61,70,10,,0,25,1000000,639,,,,,103,,,,128
623,golurk,Golurk,Golurk,Automaton,ゴルーグ,Goruugu,ゴーレム,5,623,,,,5,8,89,99,28,3300,-1,90,169,70,10,,0,25,1000000,640,,622,1,43,103,,,,129
624,pawniard,Pawniard,Pawniard,Sharp Blade,コマタナ,Komatana,はもの,5,624,,,,17,9,128,46,5,102,4,120,68,35,8,,0,20,1000000,641,,,,,39,,,,130
625,bisharp,Bisharp,Bisharp,Sword Blade,キリキザン,Kirikizan,とうじん,5,625,,,,17,9,128,46,16,700,4,45,172,35,8,,0,20,1000000,642,,624,1,52,39,,,,131
626,bouffalant,Bouffalant,Bouffalant,Bash Buffalo,バッフロン,Buffalon,ずつきうし,5,626,,,,1,,120,43,16,946,4,45,172,70,5,,0,20,1000000,643,,,,,157,,,,132
627,rufflet,Rufflet,Rufflet,Eaglet,ワシボン,Washibon,ヒナわし,5,627,,,,1,3,51,55,5,105,0,190,70,70,4,,0,20,1250000,644,,,,,125,,,,133
628,braviary,Braviary,Braviary,Valiant,ウォーグル,Warrgle,ゆうもう,5,628,,,,1,3,51,128,15,410,0,60,179,70,4,,0,20,1250000,645,,627,1,54,125,,,,134
629,vullaby,Vullaby,Vullaby,Diapered,バルチャイ,Baruchai,おむつ,5,629,,,,17,3,145,133,5,90,8,190,74,35,4,,0,20,1250000,646,,,,,142,,,,135
630,mandibuzz,Mandibuzz,Mandibuzz,Bone Vulture,バルジーナ,Barujiina,ほねわし,5,630,,,,17,3,145,133,12,395,8,60,179,35,4,,0,20,1250000,647,,629,1,54,142,,,,136
631,heatmor,Heatmor,Heatmor,Anteater,クイタラン,Kuitaran,アリクイ,5,631,,,,10,,82,73,14,580,4,90,169,70,5,,0,20,1000000,648,,,,,18,,,,137
632,durant,Durant,Durant,Iron Ant,アイアント,Aianto,てつアリ,5,632,,,,7,9,68,54,3,330,4,90,169,70,3,,0,20,1000000,649,,,,,55,,,,138
633,deino,Deino,Deino,Irate,モノズ,Monozu,そぼう,5,633,,,,17,16,55,,8,173,4,45,60,35,14,,0,40,1250000,650,,,,,,,,,139
634,zweilous,Zweilous,Zweilous,Hostile,ジヘッド,Jiheddo,らんぼう,5,634,,,,17,16,55,,14,500,4,45,147,35,14,,0,40,1250000,651,,633,1,50,,,,,140
635,hydreigon,Hydreigon,Hydreigon,Brutal,サザンドラ,Sazandora,きょうぼう,5,635,,,,17,16,26,,18,1600,4,45,270,35,14,,0,40,1250000,652,,634,1,64,,,,,141
636,larvesta,Larvesta,Larvesta,Torch,メラルバ,Meraruba,たいまつ,5,636,,,,7,10,49,68,11,288,4,45,72,70,3,,0,40,1250000,653,,,,,,,,,142
637,volcarona,Volcarona,Volcarona,Sun,ウルガモス,Ulgamoth,たいよう,5,637,,,,7,10,49,68,16,460,4,15,248,70,3,,0,40,1250000,654,,636,1,59,,,,,143
638,cobalion,Cobalion,Cobalion,Iron Will,コバルオン,Cobalon,てっしん,5,638,,,,9,2,154,,21,2500,-1,3,261,35,15,,0,80,1250000,655,,,,,,,,,144
639,terrakion,Terrakion,Terrakion,Cavern,テラキオン,Terrakion,がんくつ,5,639,,,,6,2,154,,19,2600,-1,3,261,35,15,,0,80,1250000,656,,,,,,,,,145
640,virizion,Virizion,Virizion,Grassland,ビリジオン,Virizion,そうげん,5,640,,,,12,2,154,,20,2000,-1,3,261,35,15,,0,80,1250000,657,,,,,,,,,146
641,tornadus,Tornadus,Tornadus,Cyclone,トルネロス,Tornelos,せんぷう,5,641,,,,3,,158,128,15,630,0,3,261,90,15,,0,120,1250000,658,,,,,,,,,147
642,thundurus,Thundurus,Thundurus,Bolt Strike,ボルトロス,Voltolos,らいげき,5,642,,,,13,3,158,128,15,610,0,3,261,90,15,,0,120,1250000,659,,,,,,,,,148
643,reshiram,Reshiram,Reshiram,Vast White,レシラム,Reshiram,はくよう,5,643,,,,16,10,163,,32,3300,-1,45,306,0,15,,0,120,1250000,660,,,,,,,,,149
644,zekrom,Zekrom,Zekrom,Deep Black,ゼクロム,Zekrom,こくいん,5,644,,,,16,13,164,,29,3450,-1,45,306,0,15,,0,120,1250000,661,,,,,,,,,150
645,landorus,Landorus,Landorus,Abundance,ランドロス,Landlos,ほうじょう,5,645,,,,5,3,159,125,15,680,0,3,270,90,15,,0,120,1250000,662,,,,,,,,,151
646,kyurem,Kyurem,Kyurem,Boundary,キュレム,Kyurem,きょうかい,5,646,,,,16,15,46,,30,3250,-1,3,297,0,15,,0,120,1250000,663,,,,,,,,,152
647,keldeo,Keldeo,Keldeo,Colt,ケルディオ,Keldeo,わかごま,5,647,,,,11,2,154,,14,485,-1,3,261,35,15,,0,80,1250000,664,,,,,,,,,153
648,meloetta,Meloetta,Meloetta,Melody,メロエッタ,Meloetta,せんりつ,5,648,,,,1,14,32,,6,65,-1,3,270,100,15,,0,120,1250000,665,,,,,,,,,154
649,genesect,Genesect,Genesect,Paleozoic,ゲノセクト,Genesect,こせいだい,5,649,,,,7,9,88,,15,825,-1,3,270,0,15,,0,120,1250000,667,,,,,,,,,155
10001,deoxys,Deoxys,Deoxys,DNA,デオキシス,Deoxys,DNA,3,386,,,,14,,46,,17,608,-1,3,215,0,15,,0,120,1250000,419,387,,,,,202,,,
10002,deoxys,Deoxys,Deoxys,DNA,デオキシス,Deoxys,DNA,3,386,,,,14,,46,,17,608,-1,3,215,0,15,,0,120,1250000,420,388,,,,,202,,,
10003,deoxys,Deoxys,Deoxys,DNA,デオキシス,Deoxys,DNA,3,386,,,,14,,46,,17,608,-1,3,215,0,15,,0,120,1250000,421,389,,,,,202,,,
10004,wormadam,Wormadam,Wormadam,Bagworm,ミノマダム,Minomadam,みのむし,4,413,,,,7,5,107,142,5,65,8,45,159,70,3,,0,15,1000000,447,417,,,,,,46,,
10005,wormadam,Wormadam,Wormadam,Bagworm,ミノマダム,Minomadam,みのむし,4,413,,,,7,9,107,142,5,65,8,45,159,70,3,,0,15,1000000,448,418,,,,,,46,,
10006,shaymin,Shaymin,Shaymin,Gratitude,シェイミ,Shaymin,かんしゃ,4,492,,,,12,3,32,,4,52,-1,45,64,100,15,,0,120,1059860,507,504,,,,,,,,
10007,giratina,Giratina,Giratina,Renegade,ギラティナ,Giratina,はんこつ,4,487,,,,8,16,26,,69,6500,-1,3,220,0,15,,0,120,1250000,501,498,,,,,,210,,
10008,rotom,Rotom,Rotom,Plasma,ロトム,Rotom,プラズマ,4,479,,,,13,10,26,,3,3,-1,45,132,70,11,,0,20,1000000,490,485,,,,,,152,,
10009,rotom,Rotom,Rotom,Plasma,ロトム,Rotom,プラズマ,4,479,,,,13,11,26,,3,3,-1,45,132,70,11,,0,20,1000000,492,486,,,,,,152,,
10010,rotom,Rotom,Rotom,Plasma,ロトム,Rotom,プラズマ,4,479,,,,13,15,26,,3,3,-1,45,132,70,11,,0,20,1000000,489,487,,,,,,152,,
10011,rotom,Rotom,Rotom,Plasma,ロトム,Rotom,プラズマ,4,479,,,,13,3,26,,3,3,-1,45,132,70,11,,0,20,1000000,488,488,,,,,,152,,
10012,rotom,Rotom,Rotom,Plasma,ロトム,Rotom,プラズマ,4,479,,,,13,12,26,,3,3,-1,45,132,70,11,,0,20,1000000,491,499,,,,,,152,,
10017,darmanitan,Darmanitan,Darmanitan,Blazing,ヒヒダルマ,Hihidaruma,えんじょう,5,555,,,,10,14,125,161,13,929,4,60,189,70,5,,0,20,1059860,572,,554,1,35,,,,,61
10018,meloetta,Meloetta,Meloetta,Melody,メロエッタ,Meloetta,せんりつ,5,648,,,,1,2,32,,6,65,-1,3,270,100,15,,0,120,1250000,666,,,,,,,,,154
